year,date,doy,plot_id,depth_cm,soilh2o_g.g
2013,2013-05-08,128,2013_14,0-10,0.19169
2013,2013-05-08,128,2013_16,0-10,0.22664
2013,2013-05-08,128,2013_19,0-10,0.23869
2013,2013-05-08,128,2013_25,0-10,0.20398
2013,2013-05-08,128,2013_27,0-10,0.21446
2013,2013-05-08,128,2013_29,0-10,0.24331
2013,2013-05-08,128,2013_32,0-10,0.23953
2013,2013-05-08,128,2013_33,0-10,0.24752
2013,2013-05-08,128,2013_35,0-10,0.23077
2013,2013-05-08,128,2013_42,0-10,0.30412
2013,2013-05-08,128,2013_45,0-10,0.20665
2013,2013-05-08,128,2013_49,0-10,0.22558
2013,2013-05-17,137,2013_14,0-10,0.15506
2013,2013-05-17,137,2013_16,0-10,0.13043
2013,2013-05-17,137,2013_19,0-10,0.18465
2013,2013-05-17,137,2013_25,0-10,0.13288
2013,2013-05-17,137,2013_27,0-10,0.21053
2013,2013-05-17,137,2013_29,0-10,0.1
2013,2013-05-17,137,2013_32,0-10,0.10549
2013,2013-05-17,137,2013_33,0-10,0.15265
2013,2013-05-17,137,2013_35,0-10,0.15598
2013,2013-05-17,137,2013_42,0-10,0.19676
2013,2013-05-17,137,2013_45,0-10,0.18652
2013,2013-05-17,137,2013_49,0-10,0.16818
2013,2013-05-23,143,2013_14,0-10,0.22426
2013,2013-05-23,143,2013_16,0-10,0.18468
2013,2013-05-23,143,2013_19,0-10,0.22857
2013,2013-05-23,143,2013_25,0-10,0.14015
2013,2013-05-23,143,2013_27,0-10,0.21941
2013,2013-05-23,143,2013_29,0-10,0.18559
2013,2013-05-23,143,2013_32,0-10,0.26178
2013,2013-05-23,143,2013_33,0-10,0.22449
2013,2013-05-23,143,2013_35,0-10,0.17417
2013,2013-05-23,143,2013_42,0-10,0.25969
2013,2013-05-23,143,2013_45,0-10,0.2018
2013,2013-05-23,143,2013_49,0-10,0.28388
2013,2013-05-29,149,2013_14,0-10,0.30486
2013,2013-05-29,149,2013_16,0-10,0.34821
2013,2013-05-29,149,2013_19,0-10,0.31243
2013,2013-05-29,149,2013_25,0-10,0.2377
2013,2013-05-29,149,2013_27,0-10,0.37963
2013,2013-05-29,149,2013_29,0-10,0.3159
2013,2013-05-29,149,2013_32,0-10,0.34517
2013,2013-05-29,149,2013_33,0-10,0.25922
2013,2013-05-29,149,2013_35,0-10,0.30454
2013,2013-05-29,149,2013_42,0-10,0.25129
2013,2013-05-29,149,2013_45,0-10,0.3027
2013,2013-05-29,149,2013_49,0-10,0.33666
2013,2013-06-06,157,2013_14,0-10,0.25078
2013,2013-06-06,157,2013_16,0-10,0.25333
2013,2013-06-06,157,2013_19,0-10,0.28504
2013,2013-06-06,157,2013_25,0-10,0.22714
2013,2013-06-06,157,2013_27,0-10,0.26677
2013,2013-06-06,157,2013_29,0-10,0.26023
2013,2013-06-06,157,2013_32,0-10,0.27053
2013,2013-06-06,157,2013_33,0-10,0.22304
2013,2013-06-06,157,2013_35,0-10,0.24279
2013,2013-06-06,157,2013_42,0-10,0.23308
2013,2013-06-06,157,2013_45,0-10,0.23794
2013,2013-06-06,157,2013_49,0-10,0.29606
2013,2013-06-12,163,2013_14,0-10,0.22971
2013,2013-06-12,163,2013_16,0-10,0.25324
2013,2013-06-12,163,2013_19,0-10,0.27862
2013,2013-06-12,163,2013_25,0-10,0.24604
2013,2013-06-12,163,2013_27,0-10,0.26567
2013,2013-06-12,163,2013_29,0-10,0.25175
2013,2013-06-12,163,2013_32,0-10,0.24028
2013,2013-06-12,163,2013_33,0-10,0.22327
2013,2013-06-12,163,2013_35,0-10,0.21786
2013,2013-06-12,163,2013_42,0-10,0.24074
2013,2013-06-12,163,2013_45,0-10,0.23973
2013,2013-06-12,163,2013_49,0-10,0.30135
2013,2013-06-20,171,2013_14,0-10,0.1989
2013,2013-06-20,171,2013_16,0-10,0.20442
2013,2013-06-20,171,2013_19,0-10,0.2287
2013,2013-06-20,171,2013_25,0-10,0.19172
2013,2013-06-20,171,2013_27,0-10,0.21562
2013,2013-06-20,171,2013_29,0-10,0.21247
2013,2013-06-20,171,2013_32,0-10,0.17833
2013,2013-06-20,171,2013_33,0-10,0.14617
2013,2013-06-20,171,2013_35,0-10,0.18641
2013,2013-06-20,171,2013_42,0-10,0.18875
2013,2013-06-20,171,2013_45,0-10,0.2157
2013,2013-06-20,171,2013_49,0-10,0.2399
2013,2013-06-26,177,2013_14,0-10,0.21245
2013,2013-06-26,177,2013_16,0-10,0.23054
2013,2013-06-26,177,2013_19,0-10,0.25324
2013,2013-06-26,177,2013_25,0-10,0.19121
2013,2013-06-26,177,2013_27,0-10,0.26065
2013,2013-06-26,177,2013_29,0-10,0.27755
2013,2013-06-26,177,2013_32,0-10,0.21706
2013,2013-06-26,177,2013_33,0-10,0.22826
2013,2013-06-26,177,2013_35,0-10,0.21479
2013,2013-06-26,177,2013_42,0-10,0.22589
2013,2013-06-26,177,2013_45,0-10,0.20891
2013,2013-06-26,177,2013_49,0-10,0.27729
2013,2013-07-02,183,2013_14,0-10,0.21095
2013,2013-07-02,183,2013_16,0-10,0.18232
2013,2013-07-02,183,2013_19,0-10,0.19873
2013,2013-07-02,183,2013_25,0-10,0.12408
2013,2013-07-02,183,2013_27,0-10,0.19323
2013,2013-07-02,183,2013_29,0-10,0.22627
2013,2013-07-02,183,2013_32,0-10,0.16739
2013,2013-07-02,183,2013_33,0-10,0.21243
2013,2013-07-02,183,2013_35,0-10,0.18107
2013,2013-07-02,183,2013_42,0-10,0.1906
2013,2013-07-02,183,2013_45,0-10,0.18741
2013,2013-07-02,183,2013_49,0-10,0.22193
2013,2013-07-09,190,2013_14,0-10,0.18815
2013,2013-07-09,190,2013_16,0-10,0.16894
2013,2013-07-09,190,2013_19,0-10,0.16518
2013,2013-07-09,190,2013_25,0-10,0.18575
2013,2013-07-09,190,2013_27,0-10,0.1624
2013,2013-07-09,190,2013_29,0-10,0.21285
2013,2013-07-09,190,2013_32,0-10,0.18432
2013,2013-07-09,190,2013_33,0-10,0.22452
2013,2013-07-09,190,2013_35,0-10,0.16731
2013,2013-07-09,190,2013_42,0-10,0.15882
2013,2013-07-09,190,2013_45,0-10,0.17427
2013,2013-07-09,190,2013_49,0-10,0.22114
2013,2013-07-16,197,2013_14,0-10,0.1373
2013,2013-07-16,197,2013_16,0-10,0.13858
2013,2013-07-16,197,2013_19,0-10,0.13483
2013,2013-07-16,197,2013_25,0-10,0.13755
2013,2013-07-16,197,2013_27,0-10,0.13139
2013,2013-07-16,197,2013_29,0-10,0.15829
2013,2013-07-16,197,2013_32,0-10,0.14891
2013,2013-07-16,197,2013_33,0-10,0.15212
2013,2013-07-16,197,2013_35,0-10,0.13357
2013,2013-07-16,197,2013_42,0-10,0.12263
2013,2013-07-16,197,2013_45,0-10,0.11975
2013,2013-07-16,197,2013_49,0-10,0.15661
2013,2013-07-24,205,2013_14,0-10,0.24098
2013,2013-07-24,205,2013_16,0-10,0.26093
2013,2013-07-24,205,2013_19,0-10,0.20879
2013,2013-07-24,205,2013_25,0-10,0.18663
2013,2013-07-24,205,2013_27,0-10,0.20563
2013,2013-07-24,205,2013_29,0-10,0.25622
2013,2013-07-24,205,2013_32,0-10,0.25158
2013,2013-07-24,205,2013_33,0-10,0.25365
2013,2013-07-24,205,2013_35,0-10,0.19013
2013,2013-07-24,205,2013_42,0-10,0.20146
2013,2013-07-24,205,2013_45,0-10,0.21013
2013,2013-07-24,205,2013_49,0-10,0.24584
2013,2013-07-31,212,2013_14,0-10,0.1968
2013,2013-07-31,212,2013_16,0-10,0.18921
2013,2013-07-31,212,2013_19,0-10,0.16341
2013,2013-07-31,212,2013_25,0-10,0.13824
2013,2013-07-31,212,2013_27,0-10,0.169
2013,2013-07-31,212,2013_29,0-10,0.14269
2013,2013-07-31,212,2013_32,0-10,0.21445
2013,2013-07-31,212,2013_33,0-10,0.19578
2013,2013-07-31,212,2013_35,0-10,0.15778
2013,2013-07-31,212,2013_42,0-10,0.15841
2013,2013-07-31,212,2013_45,0-10,0.15646
2013,2013-07-31,212,2013_49,0-10,0.21233
2013,2013-08-06,218,2013_14,0-10,0.1596
2013,2013-08-06,218,2013_16,0-10,0.15954
2013,2013-08-06,218,2013_19,0-10,0.15132
2013,2013-08-06,218,2013_25,0-10,0.13333
2013,2013-08-06,218,2013_27,0-10,0.1536
2013,2013-08-06,218,2013_29,0-10,0.17103
2013,2013-08-06,218,2013_32,0-10,0.13009
2013,2013-08-06,218,2013_33,0-10,0.12083
2013,2013-08-06,218,2013_35,0-10,0.11991
2013,2013-08-06,218,2013_42,0-10,0.12351
2013,2013-08-06,218,2013_45,0-10,0.15155
2013,2013-08-06,218,2013_49,0-10,0.18182
2013,2013-08-13,225,2013_14,0-10,0.25361
2013,2013-08-13,225,2013_16,0-10,0.25579
2013,2013-08-13,225,2013_19,0-10,0.24309
2013,2013-08-13,225,2013_25,0-10,0.21437
2013,2013-08-13,225,2013_27,0-10,0.23626
2013,2013-08-13,225,2013_29,0-10,0.28519
2013,2013-08-13,225,2013_32,0-10,0.21264
2013,2013-08-13,225,2013_33,0-10,0.23077
2013,2013-08-13,225,2013_35,0-10,0.21264
2013,2013-08-13,225,2013_42,0-10,0.22544
2013,2013-08-13,225,2013_45,0-10,0.23977
2013,2013-08-13,225,2013_49,0-10,0.28964
2013,2013-08-22,234,2013_14,0-10,0.18583
2013,2013-08-22,234,2013_16,0-10,0.17455
2013,2013-08-22,234,2013_19,0-10,0.18424
2013,2013-08-22,234,2013_25,0-10,0.13997
2013,2013-08-22,234,2013_27,0-10,0.16383
2013,2013-08-22,234,2013_29,0-10,0.18957
2013,2013-08-22,234,2013_32,0-10,0.19036
2013,2013-08-22,234,2013_33,0-10,0.19481
2013,2013-08-22,234,2013_35,0-10,0.14046
2013,2013-08-22,234,2013_42,0-10,0.18127
2013,2013-08-22,234,2013_45,0-10,0.17946
2013,2013-08-22,234,2013_49,0-10,0.20888
2013,2013-08-29,241,2013_14,0-10,0.14683
2013,2013-08-29,241,2013_16,0-10,0.12853
2013,2013-08-29,241,2013_19,0-10,0.15867
2013,2013-08-29,241,2013_25,0-10,0.1056
2013,2013-08-29,241,2013_27,0-10,0.13824
2013,2013-08-29,241,2013_29,0-10,0.15058
2013,2013-08-29,241,2013_32,0-10,0.15375
2013,2013-08-29,241,2013_33,0-10,0.15909
2013,2013-08-29,241,2013_35,0-10,0.1181
2013,2013-08-29,241,2013_42,0-10,0.12907
2013,2013-08-29,241,2013_45,0-10,0.14083
2013,2013-08-29,241,2013_49,0-10,0.16841
2013,2013-09-11,254,2013_14,0-10,0.13553
2013,2013-09-11,254,2013_16,0-10,0.1258
2013,2013-09-11,254,2013_19,0-10,0.14581
2013,2013-09-11,254,2013_25,0-10,0.11085
2013,2013-09-11,254,2013_27,0-10,0.12591
2013,2013-09-11,254,2013_29,0-10,0.1601
2013,2013-09-11,254,2013_32,0-10,0.11827
2013,2013-09-11,254,2013_33,0-10,0.1233
2013,2013-09-11,254,2013_35,0-10,0.10152
2013,2013-09-11,254,2013_42,0-10,0.11919
2013,2013-09-11,254,2013_45,0-10,0.10926
2013,2013-09-11,254,2013_49,0-10,0.1738
2013,2013-09-24,267,2013_14,0-10,0.21369
2013,2013-09-24,267,2013_16,0-10,0.2267
2013,2013-09-24,267,2013_19,0-10,0.21266
2013,2013-09-24,267,2013_25,0-10,0.17464
2013,2013-09-24,267,2013_27,0-10,0.19066
2013,2013-09-24,267,2013_29,0-10,0.23005
2013,2013-09-24,267,2013_32,0-10,0.24778
2013,2013-09-24,267,2013_33,0-10,0.21282
2013,2013-09-24,267,2013_35,0-10,0.178
2013,2013-09-24,267,2013_42,0-10,0.21933
2013,2013-09-24,267,2013_45,0-10,0.22208
2013,2013-09-24,267,2013_49,0-10,0.25575
2013,2013-10-09,282,2013_14,0-10,0.21563
2013,2013-10-09,282,2013_16,0-10,0.26813
2013,2013-10-09,282,2013_19,0-10,0.25794
2013,2013-10-09,282,2013_25,0-10,0.2423
2013,2013-10-09,282,2013_27,0-10,0.24663
2013,2013-10-09,282,2013_29,0-10,0.27544
2013,2013-10-09,282,2013_32,0-10,0.24468
2013,2013-10-09,282,2013_33,0-10,0.22569
2013,2013-10-09,282,2013_35,0-10,0.22325
2013,2013-10-09,282,2013_42,0-10,0.27555
2013,2013-10-09,282,2013_45,0-10,0.25373
2013,2013-10-09,282,2013_49,0-10,0.30423
2014,2014-04-25,115,2014_11,0-10,0.32759
2014,2014-04-25,115,2014_13,0-10,0.19343
2014,2014-04-25,115,2014_18,0-10,0.28358
2014,2014-04-25,115,2014_23,0-10,0.25993
2014,2014-04-25,115,2014_24,0-10,0.19929
2014,2014-04-25,115,2014_28,0-10,0.07979
2014,2014-04-25,115,2014_34,0-10,0.3839
2014,2014-04-25,115,2014_37,0-10,0.33704
2014,2014-04-25,115,2014_38,0-10,0.23826
2014,2014-04-25,115,2014_44,0-10,0.29191
2014,2014-04-25,115,2014_46,0-10,0.40945
2014,2014-04-25,115,2014_48,0-10,0.3535
2013,2013-05-05,125,2013_11,0-10,0.22753
2013,2013-05-05,125,2013_13,0-10,0.28727
2013,2013-05-05,125,2013_18,0-10,0.22243
2013,2013-05-05,125,2013_23,0-10,0.24144
2013,2013-05-05,125,2013_24,0-10,0.21693
2013,2013-05-05,125,2013_28,0-10,0.29255
2013,2013-05-05,125,2013_34,0-10,0.26454
2013,2013-05-05,125,2013_37,0-10,0.20556
2013,2013-05-05,125,2013_38,0-10,0.20134
2013,2013-05-05,125,2013_44,0-10,0.29586
2013,2013-05-05,125,2013_46,0-10,0.25394
2013,2013-05-05,125,2013_48,0-10,0.30813
2014,2014-05-14,134,2014_11,0-10,0.23285
2014,2014-05-14,134,2014_13,0-10,0.21712
2014,2014-05-14,134,2014_18,0-10,0.21756
2014,2014-05-14,134,2014_23,0-10,0.21846
2014,2014-05-14,134,2014_24,0-10,0.2037
2014,2014-05-14,134,2014_28,0-10,0.27451
2014,2014-05-14,134,2014_34,0-10,0.23904
2014,2014-05-14,134,2014_37,0-10,0.19881
2014,2014-05-14,134,2014_38,0-10,0.21294
2014,2014-05-14,134,2014_44,0-10,0.29498
2014,2014-05-14,134,2014_46,0-10,0.26652
2014,2014-05-14,134,2014_48,0-10,0.32648
2014,2014-05-22,142,2014_11,0-10,0.25104
2014,2014-05-22,142,2014_13,0-10,0.20208
2014,2014-05-22,142,2014_18,0-10,0.21105
2014,2014-05-22,142,2014_23,0-10,0.23014
2014,2014-05-22,142,2014_24,0-10,0.19216
2014,2014-05-22,142,2014_28,0-10,0.24738
2014,2014-05-22,142,2014_34,0-10,0.27236
2014,2014-05-22,142,2014_37,0-10,0.19103
2014,2014-05-22,142,2014_38,0-10,0.21516
2014,2014-05-22,142,2014_44,0-10,0.27778
2014,2014-05-22,142,2014_46,0-10,0.27313
2014,2014-05-22,142,2014_48,0-10,0.3125
2014,2014-05-29,149,2014_11,0-10,0.24792
2014,2014-05-29,149,2014_13,0-10,0.19538
2014,2014-05-29,149,2014_18,0-10,0.19874
2014,2014-05-29,149,2014_23,0-10,0.23566
2014,2014-05-29,149,2014_24,0-10,0.1901
2014,2014-05-29,149,2014_28,0-10,0.26889
2014,2014-05-29,149,2014_34,0-10,0.25551
2014,2014-05-29,149,2014_37,0-10,0.1805
2014,2014-05-29,149,2014_38,0-10,0.20763
2014,2014-05-29,149,2014_44,0-10,0.28635
2014,2014-05-29,149,2014_46,0-10,0.28604
2014,2014-05-29,149,2014_48,0-10,0.32747
2014,2014-06-06,157,2014_11,0-10,0.23218
2014,2014-06-06,157,2014_13,0-10,0.23326
2014,2014-06-06,157,2014_18,0-10,0.17805
2014,2014-06-06,157,2014_23,0-10,0.18935
2014,2014-06-06,157,2014_24,0-10,0.18908
2014,2014-06-06,157,2014_28,0-10,0.27232
2014,2014-06-06,157,2014_34,0-10,0.2311
2014,2014-06-06,157,2014_37,0-10,0.19287
2014,2014-06-06,157,2014_38,0-10,0.21489
2014,2014-06-06,157,2014_44,0-10,0.24675
2014,2014-06-06,157,2014_46,0-10,0.21962
2014,2014-06-06,157,2014_48,0-10,0.29526
2014,2014-06-16,167,2014_11,0-10,0.16923
2014,2014-06-16,167,2014_13,0-10,0.17284
2014,2014-06-16,167,2014_18,0-10,0.1502
2014,2014-06-16,167,2014_23,0-10,0.14444
2014,2014-06-16,167,2014_24,0-10,0.1391
2014,2014-06-16,167,2014_28,0-10,0.19628
2014,2014-06-16,167,2014_34,0-10,0.17284
2014,2014-06-16,167,2014_37,0-10,0.14538
2014,2014-06-16,167,2014_38,0-10,0.15726
2014,2014-06-16,167,2014_44,0-10,0.17938
2014,2014-06-16,167,2014_46,0-10,0.15822
2014,2014-06-16,167,2014_48,0-10,0.22782
2014,2014-06-24,175,2014_11,0-10,0.27049
2014,2014-06-24,175,2014_13,0-10,0.22105
2014,2014-06-24,175,2014_18,0-10,0.22642
2014,2014-06-24,175,2014_23,0-10,0.22718
2014,2014-06-24,175,2014_24,0-10,0.22782
2014,2014-06-24,175,2014_28,0-10,0.29279
2014,2014-06-24,175,2014_34,0-10,0.29438
2014,2014-06-24,175,2014_37,0-10,0.2
2014,2014-06-24,175,2014_38,0-10,0.27137
2014,2014-06-24,175,2014_44,0-10,0.31591
2014,2014-06-24,175,2014_46,0-10,0.2591
2014,2014-06-24,175,2014_48,0-10,0.34
2014,2014-07-03,184,2014_11,0-10,0.22472
2014,2014-07-03,184,2014_13,0-10,0.26929
2014,2014-07-03,184,2014_18,0-10,0.26545
2014,2014-07-03,184,2014_23,0-10,0.22184
2014,2014-07-03,184,2014_24,0-10,0.23502
2014,2014-07-03,184,2014_28,0-10,0.337
2014,2014-07-03,184,2014_34,0-10,0.28322
2014,2014-07-03,184,2014_37,0-10,0.2053
2014,2014-07-03,184,2014_38,0-10,0.22492
2014,2014-07-03,184,2014_44,0-10,0.32562
2014,2014-07-03,184,2014_46,0-10,0.29264
2014,2014-07-03,184,2014_48,0-10,0.42279
2014,2014-07-15,196,2014_11,0-10,0.21774
2014,2014-07-15,196,2014_13,0-10,0.24242
2014,2014-07-15,196,2014_18,0-10,0.25
2014,2014-07-15,196,2014_23,0-10,0.19721
2014,2014-07-15,196,2014_24,0-10,0.21443
2014,2014-07-15,196,2014_28,0-10,0.29478
2014,2014-07-15,196,2014_34,0-10,0.24622
2014,2014-07-15,196,2014_37,0-10,0.19706
2014,2014-07-15,196,2014_38,0-10,0.21444
2014,2014-07-15,196,2014_44,0-10,0.26889
2014,2014-07-15,196,2014_46,0-10,0.25607
2014,2014-07-15,196,2014_48,0-10,0.33917
2014,2014-07-22,203,2014_11,0-10,0.21116
2014,2014-07-22,203,2014_13,0-10,0.20208
2014,2014-07-22,203,2014_18,0-10,0.17836
2014,2014-07-22,203,2014_23,0-10,0.18802
2014,2014-07-22,203,2014_24,0-10,0.17374
2014,2014-07-22,203,2014_28,0-10,0.21667
2014,2014-07-22,203,2014_34,0-10,0.18126
2014,2014-07-22,203,2014_37,0-10,0.16148
2014,2014-07-22,203,2014_38,0-10,0.19208
2014,2014-07-22,203,2014_44,0-10,0.23126
2014,2014-07-22,203,2014_46,0-10,0.20548
2014,2014-07-22,203,2014_48,0-10,0.23504
2014,2014-07-30,211,2014_11,0-10,0.19011
2014,2014-07-30,211,2014_13,0-10,0.18468
2014,2014-07-30,211,2014_18,0-10,0.16061
2014,2014-07-30,211,2014_23,0-10,0.19604
2014,2014-07-30,211,2014_24,0-10,0.15789
2014,2014-07-30,211,2014_28,0-10,0.20772
2014,2014-07-30,211,2014_34,0-10,0.16346
2014,2014-07-30,211,2014_37,0-10,0.14335
2014,2014-07-30,211,2014_38,0-10,0.16544
2014,2014-07-30,211,2014_44,0-10,0.22245
2014,2014-07-30,211,2014_46,0-10,0.18251
2014,2014-07-30,211,2014_48,0-10,0.22336
2014,2014-08-07,219,2014_11,0-10,0.26157
2014,2014-08-07,219,2014_13,0-10,0.2381
2014,2014-08-07,219,2014_18,0-10,0.22355
2014,2014-08-07,219,2014_23,0-10,0.27191
2014,2014-08-07,219,2014_24,0-10,0.24138
2014,2014-08-07,219,2014_28,0-10,0.29558
2014,2014-08-07,219,2014_34,0-10,0.24915
2014,2014-08-07,219,2014_37,0-10,0.2247
2014,2014-08-07,219,2014_38,0-10,0.25654
2014,2014-08-07,219,2014_44,0-10,0.27191
2014,2014-08-07,219,2014_46,0-10,0.2766
2014,2014-08-07,219,2014_48,0-10,0.35577
2014,2014-08-15,227,2014_11,0-10,0.27373
2014,2014-08-15,227,2014_13,0-10,0.20719
2014,2014-08-15,227,2014_18,0-10,0.21142
2014,2014-08-15,227,2014_23,0-10,0.2306
2014,2014-08-15,227,2014_24,0-10,0.19456
2014,2014-08-15,227,2014_28,0-10,0.26813
2014,2014-08-15,227,2014_34,0-10,0.22814
2014,2014-08-15,227,2014_37,0-10,0.23226
2014,2014-08-15,227,2014_38,0-10,0.23656
2014,2014-08-15,227,2014_44,0-10,0.28668
2014,2014-08-15,227,2014_46,0-10,0.24512
2014,2014-08-15,227,2014_48,0-10,0.30734
2014,2014-09-02,245,2014_11,0-10,0.26698
2014,2014-09-02,245,2014_13,0-10,0.27354
2014,2014-09-02,245,2014_18,0-10,0.25652
2014,2014-09-02,245,2014_23,0-10,0.25706
2014,2014-09-02,245,2014_24,0-10,0.25838
2014,2014-09-02,245,2014_28,0-10,0.32206
2014,2014-09-02,245,2014_34,0-10,0.27877999999999997
2014,2014-09-02,245,2014_37,0-10,0.2311
2014,2014-09-02,245,2014_38,0-10,0.2561
2014,2014-09-02,245,2014_44,0-10,0.30155
2014,2014-09-02,245,2014_46,0-10,0.32681
2014,2014-09-02,245,2014_48,0-10,0.3719
2014,2014-09-16,259,2014_11,0-10,0.25526
2014,2014-09-16,259,2014_13,0-10,0.3
2014,2014-09-16,259,2014_18,0-10,0.27597
2014,2014-09-16,259,2014_23,0-10,0.25039
2014,2014-09-16,259,2014_24,0-10,0.24012
2014,2014-09-16,259,2014_28,0-10,0.32759
2014,2014-09-16,259,2014_34,0-10,0.28549
2014,2014-09-16,259,2014_37,0-10,0.24844
2014,2014-09-16,259,2014_38,0-10,0.26941
2014,2014-09-16,259,2014_44,0-10,0.2953
2014,2014-09-16,259,2014_46,0-10,0.31356
2014,2014-09-16,259,2014_48,0-10,0.3255
2014,2014-10-08,281,2014_11,0-10,0.26737
2014,2014-10-08,281,2014_13,0-10,0.24713
2014,2014-10-08,281,2014_18,0-10,0.28205
2014,2014-10-08,281,2014_23,0-10,0.24635
2014,2014-10-08,281,2014_24,0-10,0.26994
2014,2014-10-08,281,2014_28,0-10,0.28409
2014,2014-10-08,281,2014_34,0-10,0.24721
2014,2014-10-08,281,2014_37,0-10,0.22665
2014,2014-10-08,281,2014_38,0-10,0.22698
2014,2014-10-08,281,2014_44,0-10,0.28978
2014,2014-10-08,281,2014_46,0-10,0.29061
2014,2014-10-08,281,2014_48,0-10,0.32941
2013,2013-05-08,128,2013_14,10-30,0.21934
2013,2013-05-08,128,2013_16,10-30,0.24408
2013,2013-05-08,128,2013_19,10-30,0.23095
2013,2013-05-08,128,2013_25,10-30,0.24766
2013,2013-05-08,128,2013_27,10-30,0.22506
2013,2013-05-08,128,2013_29,10-30,0.24941
2013,2013-05-08,128,2013_32,10-30,0.17225
2013,2013-05-08,128,2013_33,10-30,0.26869
2013,2013-05-08,128,2013_35,10-30,0.21053
2013,2013-05-08,128,2013_42,10-30,0.24384
2013,2013-05-08,128,2013_45,10-30,0.21689
2013,2013-05-08,128,2013_49,10-30,0.28165
2013,2013-05-17,137,2013_14,10-30,0.23095
2013,2013-05-17,137,2013_16,10-30,0.27833
2013,2013-05-17,137,2013_19,10-30,0.27033
2013,2013-05-17,137,2013_25,10-30,0.23991
2013,2013-05-17,137,2013_27,10-30,0.23673
2013,2013-05-17,137,2013_29,10-30,0.28351
2013,2013-05-17,137,2013_32,10-30,0.20824
2013,2013-05-17,137,2013_33,10-30,0.26573
2013,2013-05-17,137,2013_35,10-30,0.22958
2013,2013-05-17,137,2013_42,10-30,0.28333
2013,2013-05-17,137,2013_45,10-30,0.25472
2013,2013-05-17,137,2013_49,10-30,0.31323
2013,2013-05-23,143,2013_14,10-30,0.18799
2013,2013-05-23,143,2013_16,10-30,0.2766
2013,2013-05-23,143,2013_19,10-30,0.26653
2013,2013-05-23,143,2013_25,10-30,0.23211
2013,2013-05-23,143,2013_27,10-30,0.22959
2013,2013-05-23,143,2013_29,10-30,0.27979
2013,2013-05-23,143,2013_32,10-30,0.21616
2013,2013-05-23,143,2013_33,10-30,0.2897
2013,2013-05-23,143,2013_35,10-30,0.21875
2013,2013-05-23,143,2013_42,10-30,0.28984
2013,2013-05-23,143,2013_45,10-30,0.25443
2013,2013-05-23,143,2013_49,10-30,0.20863
2013,2013-05-29,149,2013_14,10-30,0.29362
2013,2013-05-29,149,2013_16,10-30,0.32337
2013,2013-05-29,149,2013_19,10-30,0.27813
2013,2013-05-29,149,2013_25,10-30,0.26272
2013,2013-05-29,149,2013_27,10-30,0.30065
2013,2013-05-29,149,2013_29,10-30,0.31823
2013,2013-05-29,149,2013_32,10-30,0.35307
2013,2013-05-29,149,2013_33,10-30,0.25104
2013,2013-05-29,149,2013_35,10-30,0.23815
2013,2013-05-29,149,2013_42,10-30,0.27991
2013,2013-05-29,149,2013_45,10-30,0.26576
2013,2013-05-29,149,2013_49,10-30,0.31823
2013,2013-06-06,157,2013_14,10-30,0.27534
2013,2013-06-06,157,2013_16,10-30,0.27391
2013,2013-06-06,157,2013_19,10-30,0.31496
2013,2013-06-06,157,2013_25,10-30,0.27778
2013,2013-06-06,157,2013_27,10-30,0.28268
2013,2013-06-06,157,2013_29,10-30,0.26829
2013,2013-06-06,157,2013_32,10-30,0.30933
2013,2013-06-06,157,2013_33,10-30,0.24295
2013,2013-06-06,157,2013_35,10-30,0.23041
2013,2013-06-06,157,2013_42,10-30,0.25753
2013,2013-06-06,157,2013_45,10-30,0.23042
2013,2013-06-06,157,2013_49,10-30,0.30366
2013,2013-06-12,163,2013_14,10-30,0.24302
2013,2013-06-12,163,2013_16,10-30,0.29778
2013,2013-06-12,163,2013_19,10-30,0.25952
2013,2013-06-12,163,2013_25,10-30,0.26771
2013,2013-06-12,163,2013_27,10-30,0.27635
2013,2013-06-12,163,2013_29,10-30,0.2847
2013,2013-06-12,163,2013_32,10-30,0.25578
2013,2013-06-12,163,2013_33,10-30,0.22982
2013,2013-06-12,163,2013_35,10-30,0.21017
2013,2013-06-12,163,2013_42,10-30,0.24045
2013,2013-06-12,163,2013_45,10-30,0.2274
2013,2013-06-12,163,2013_49,10-30,0.31122
2013,2013-06-20,171,2013_14,10-30,0.23047
2013,2013-06-20,171,2013_16,10-30,0.29817
2013,2013-06-20,171,2013_19,10-30,0.24676
2013,2013-06-20,171,2013_25,10-30,0.25317
2013,2013-06-20,171,2013_27,10-30,0.265
2013,2013-06-20,171,2013_29,10-30,0.26944
2013,2013-06-20,171,2013_32,10-30,0.21637
2013,2013-06-20,171,2013_33,10-30,0.20786
2013,2013-06-20,171,2013_35,10-30,0.20131
2013,2013-06-20,171,2013_42,10-30,0.22824
2013,2013-06-20,171,2013_45,10-30,0.22026
2013,2013-06-20,171,2013_49,10-30,0.27216
2013,2013-06-26,177,2013_14,10-30,0.30595
2013,2013-06-26,177,2013_16,10-30,0.25393
2013,2013-06-26,177,2013_19,10-30,0.25881
2013,2013-06-26,177,2013_25,10-30,0.23146
2013,2013-06-26,177,2013_27,10-30,0.22236
2013,2013-06-26,177,2013_29,10-30,0.29112
2013,2013-06-26,177,2013_32,10-30,0.23037
2013,2013-06-26,177,2013_33,10-30,0.27038
2013,2013-06-26,177,2013_35,10-30,0.20747
2013,2013-06-26,177,2013_42,10-30,0.24656
2013,2013-06-26,177,2013_45,10-30,0.22558
2013,2013-06-26,177,2013_49,10-30,0.3006
2013,2013-07-02,183,2013_14,10-30,0.24851
2013,2013-07-02,183,2013_16,10-30,0.23046
2013,2013-07-02,183,2013_19,10-30,0.2389
2013,2013-07-02,183,2013_25,10-30,0.19843
2013,2013-07-02,183,2013_27,10-30,0.22193
2013,2013-07-02,183,2013_29,10-30,0.24096
2013,2013-07-02,183,2013_32,10-30,0.20027
2013,2013-07-02,183,2013_33,10-30,0.21303
2013,2013-07-02,183,2013_35,10-30,0.19448
2013,2013-07-02,183,2013_42,10-30,0.22222
2013,2013-07-02,183,2013_45,10-30,0.20359
2013,2013-07-02,183,2013_49,10-30,0.24965
2013,2013-07-09,190,2013_14,10-30,0.20499
2013,2013-07-09,190,2013_16,10-30,0.18336
2013,2013-07-09,190,2013_19,10-30,0.17987
2013,2013-07-09,190,2013_25,10-30,0.19298
2013,2013-07-09,190,2013_27,10-30,0.18646
2013,2013-07-09,190,2013_29,10-30,0.20201
2013,2013-07-09,190,2013_32,10-30,0.21821
2013,2013-07-09,190,2013_33,10-30,0.23448
2013,2013-07-09,190,2013_35,10-30,0.15395
2013,2013-07-09,190,2013_42,10-30,0.17227
2013,2013-07-09,190,2013_45,10-30,0.16452
2013,2013-07-09,190,2013_49,10-30,0.23496
2013,2013-07-16,197,2013_14,10-30,0.18289
2013,2013-07-16,197,2013_16,10-30,0.16233
2013,2013-07-16,197,2013_19,10-30,0.18016
2013,2013-07-16,197,2013_25,10-30,0.16467
2013,2013-07-16,197,2013_27,10-30,0.16688
2013,2013-07-16,197,2013_29,10-30,0.196
2013,2013-07-16,197,2013_32,10-30,0.19693
2013,2013-07-16,197,2013_33,10-30,0.19495
2013,2013-07-16,197,2013_35,10-30,0.14923
2013,2013-07-16,197,2013_42,10-30,0.16025
2013,2013-07-16,197,2013_45,10-30,0.13933
2013,2013-07-16,197,2013_49,10-30,0.20881
2013,2013-07-24,205,2013_14,10-30,0.19586
2013,2013-07-24,205,2013_16,10-30,0.21373
2013,2013-07-24,205,2013_19,10-30,0.20759
2013,2013-07-24,205,2013_25,10-30,0.14035
2013,2013-07-24,205,2013_27,10-30,0.19744
2013,2013-07-24,205,2013_29,10-30,0.21142
2013,2013-07-24,205,2013_32,10-30,0.21175
2013,2013-07-24,205,2013_33,10-30,0.20685
2013,2013-07-24,205,2013_35,10-30,0.17455
2013,2013-07-24,205,2013_42,10-30,0.16336
2013,2013-07-24,205,2013_45,10-30,0.15133
2013,2013-07-24,205,2013_49,10-30,0.2276
2013,2013-07-31,212,2013_14,10-30,0.18581
2013,2013-07-31,212,2013_16,10-30,0.19668
2013,2013-07-31,212,2013_19,10-30,0.1957
2013,2013-07-31,212,2013_25,10-30,0.12749
2013,2013-07-31,212,2013_27,10-30,0.16667
2013,2013-07-31,212,2013_29,10-30,0.2584
2013,2013-07-31,212,2013_32,10-30,0.20046
2013,2013-07-31,212,2013_33,10-30,0.19665
2013,2013-07-31,212,2013_35,10-30,0.15183
2013,2013-07-31,212,2013_42,10-30,0.14648
2013,2013-07-31,212,2013_45,10-30,0.13661
2013,2013-07-31,212,2013_49,10-30,0.22049
2013,2013-08-06,218,2013_14,10-30,0.17907
2013,2013-08-06,218,2013_16,10-30,0.17988
2013,2013-08-06,218,2013_19,10-30,0.17712
2013,2013-08-06,218,2013_25,10-30,0.10931
2013,2013-08-06,218,2013_27,10-30,0.17253
2013,2013-08-06,218,2013_29,10-30,0.18656
2013,2013-08-06,218,2013_32,10-30,0.14071
2013,2013-08-06,218,2013_33,10-30,0.12714
2013,2013-08-06,218,2013_35,10-30,0.14497
2013,2013-08-06,218,2013_42,10-30,0.13749
2013,2013-08-06,218,2013_45,10-30,0.16207
2013,2013-08-06,218,2013_49,10-30,0.18764
2013,2013-08-13,225,2013_14,10-30,0.25
2013,2013-08-13,225,2013_16,10-30,0.23565
2013,2013-08-13,225,2013_19,10-30,0.21112
2013,2013-08-13,225,2013_25,10-30,0.20073
2013,2013-08-13,225,2013_27,10-30,0.23133
2013,2013-08-13,225,2013_29,10-30,0.24801
2013,2013-08-13,225,2013_32,10-30,0.19626
2013,2013-08-13,225,2013_33,10-30,0.18291
2013,2013-08-13,225,2013_35,10-30,0.19637
2013,2013-08-13,225,2013_42,10-30,0.18591
2013,2013-08-13,225,2013_45,10-30,0.23494
2013,2013-08-13,225,2013_49,10-30,0.25782
2013,2013-08-22,234,2013_14,10-30,0.21316
2013,2013-08-22,234,2013_16,10-30,0.20313
2013,2013-08-22,234,2013_19,10-30,0.21297
2013,2013-08-22,234,2013_25,10-30,0.15959
2013,2013-08-22,234,2013_27,10-30,0.19212
2013,2013-08-22,234,2013_29,10-30,0.22193
2013,2013-08-22,234,2013_32,10-30,0.21039
2013,2013-08-22,234,2013_33,10-30,0.206
2013,2013-08-22,234,2013_35,10-30,0.16501
2013,2013-08-22,234,2013_42,10-30,0.19921
2013,2013-08-22,234,2013_45,10-30,0.19603
2013,2013-08-22,234,2013_49,10-30,0.22454
2013,2013-08-29,241,2013_14,10-30,0.19364
2013,2013-08-29,241,2013_16,10-30,0.16725
2013,2013-08-29,241,2013_19,10-30,0.19338
2013,2013-08-29,241,2013_25,10-30,0.13342
2013,2013-08-29,241,2013_27,10-30,0.16538
2013,2013-08-29,241,2013_29,10-30,0.18342
2013,2013-08-29,241,2013_32,10-30,0.16757
2013,2013-08-29,241,2013_33,10-30,0.17139
2013,2013-08-29,241,2013_35,10-30,0.13439
2013,2013-08-29,241,2013_42,10-30,0.15727
2013,2013-08-29,241,2013_45,10-30,0.16467
2013,2013-08-29,241,2013_49,10-30,0.20341
2013,2013-09-11,254,2013_14,10-30,0.17985
2013,2013-09-11,254,2013_16,10-30,0.16562
2013,2013-09-11,254,2013_19,10-30,0.19407
2013,2013-09-11,254,2013_25,10-30,0.13699
2013,2013-09-11,254,2013_27,10-30,0.17464
2013,2013-09-11,254,2013_29,10-30,0.20106
2013,2013-09-11,254,2013_32,10-30,0.16422
2013,2013-09-11,254,2013_33,10-30,0.16587
2013,2013-09-11,254,2013_35,10-30,0.1221
2013,2013-09-11,254,2013_42,10-30,0.17214
2013,2013-09-11,254,2013_45,10-30,0.12984
2013,2013-09-11,254,2013_49,10-30,0.20562
2013,2013-09-24,267,2013_14,10-30,0.20545
2013,2013-09-24,267,2013_16,10-30,0.17896
2013,2013-09-24,267,2013_19,10-30,0.20244
2013,2013-09-24,267,2013_25,10-30,0.1599
2013,2013-09-24,267,2013_27,10-30,0.18478
2013,2013-09-24,267,2013_29,10-30,0.20617
2013,2013-09-24,267,2013_32,10-30,0.21376
2013,2013-09-24,267,2013_33,10-30,0.17598
2013,2013-09-24,267,2013_35,10-30,0.14937
2013,2013-09-24,267,2013_42,10-30,0.18329
2013,2013-09-24,267,2013_45,10-30,0.19975
2013,2013-09-24,267,2013_49,10-30,0.24265
2013,2013-10-09,282,2013_14,10-30,0.20914
2013,2013-10-09,282,2013_16,10-30,0.26196
2013,2013-10-09,282,2013_19,10-30,0.23845
2013,2013-10-09,282,2013_25,10-30,0.22423
2013,2013-10-09,282,2013_27,10-30,0.25641
2013,2013-10-09,282,2013_29,10-30,0.24307
2013,2013-10-09,282,2013_32,10-30,0.21584
2013,2013-10-09,282,2013_33,10-30,0.21053
2013,2013-10-09,282,2013_35,10-30,0.19682
2013,2013-10-09,282,2013_42,10-30,0.25474
2013,2013-10-09,282,2013_45,10-30,0.24226
2013,2013-10-09,282,2013_49,10-30,0.28145
2014,2014-04-25,115,2014_11,10-30,0.20609
2014,2014-04-25,115,2014_13,10-30,0.2535
2014,2014-04-25,115,2014_18,10-30,0.33149
2014,2014-04-25,115,2014_23,10-30,0.19388
2014,2014-04-25,115,2014_24,10-30,0.27749
2014,2014-04-25,115,2014_28,10-30,0.21233
2014,2014-04-25,115,2014_34,10-30,0.24086
2014,2014-04-25,115,2014_37,10-30,0.26079
2014,2014-04-25,115,2014_38,10-30,0.4294
2014,2014-04-25,115,2014_44,10-30,0.50895
2014,2014-04-25,115,2014_46,10-30,0.29368
2014,2014-04-25,115,2014_48,10-30,0.61698
2013,2013-05-05,125,2013_11,10-30,0.24194
2013,2013-05-05,125,2013_13,10-30,0.2014
2013,2013-05-05,125,2013_18,10-30,0.25414
2013,2013-05-05,125,2013_23,10-30,0.2602
2013,2013-05-05,125,2013_24,10-30,0.2548
2013,2013-05-05,125,2013_28,10-30,0.29966
2013,2013-05-05,125,2013_34,10-30,0.2396
2013,2013-05-05,125,2013_37,10-30,0.23489
2013,2013-05-05,125,2013_38,10-30,0.24758
2013,2013-05-05,125,2013_44,10-30,0.29026
2013,2013-05-05,125,2013_46,10-30,0.27138
2013,2013-05-05,125,2013_48,10-30,0.31959
2014,2014-05-14,134,2014_11,10-30,0.24704
2014,2014-05-14,134,2014_13,10-30,0.21676
2014,2014-05-14,134,2014_18,10-30,0.23125
2014,2014-05-14,134,2014_23,10-30,0.2393
2014,2014-05-14,134,2014_24,10-30,0.22661
2014,2014-05-14,134,2014_28,10-30,0.28151
2014,2014-05-14,134,2014_34,10-30,0.23166
2014,2014-05-14,134,2014_37,10-30,0.21
2014,2014-05-14,134,2014_38,10-30,0.2326
2014,2014-05-14,134,2014_44,10-30,0.27214
2014,2014-05-14,134,2014_46,10-30,0.25424
2014,2014-05-14,134,2014_48,10-30,0.3356
2014,2014-05-22,142,2014_11,10-30,0.28194
2014,2014-05-22,142,2014_13,10-30,0.2099
2014,2014-05-22,142,2014_18,10-30,0.22745
2014,2014-05-22,142,2014_23,10-30,0.25149
2014,2014-05-22,142,2014_24,10-30,0.21443
2014,2014-05-22,142,2014_28,10-30,0.2621
2014,2014-05-22,142,2014_34,10-30,0.24138
2014,2014-05-22,142,2014_37,10-30,0.21116
2014,2014-05-22,142,2014_38,10-30,0.24194
2014,2014-05-22,142,2014_44,10-30,0.27412
2014,2014-05-22,142,2014_46,10-30,0.28791
2014,2014-05-22,142,2014_48,10-30,0.34579
2014,2014-05-29,149,2014_11,10-30,0.27865
2014,2014-05-29,149,2014_13,10-30,0.21862
2014,2014-05-29,149,2014_18,10-30,0.22532
2014,2014-05-29,149,2014_23,10-30,0.25607
2014,2014-05-29,149,2014_24,10-30,0.2161
2014,2014-05-29,149,2014_28,10-30,0.26211
2014,2014-05-29,149,2014_34,10-30,0.24481
2014,2014-05-29,149,2014_37,10-30,0.20421
2014,2014-05-29,149,2014_38,10-30,0.24017
2014,2014-05-29,149,2014_44,10-30,0.27455
2014,2014-05-29,149,2014_46,10-30,0.29638
2014,2014-05-29,149,2014_48,10-30,0.36429
2014,2014-06-06,157,2014_11,10-30,0.26974
2014,2014-06-06,157,2014_13,10-30,0.2303
2014,2014-06-06,157,2014_18,10-30,0.22747
2014,2014-06-06,157,2014_23,10-30,0.22222
2014,2014-06-06,157,2014_24,10-30,0.23656
2014,2014-06-06,157,2014_28,10-30,0.31735
2014,2014-06-06,157,2014_34,10-30,0.22626
2014,2014-06-06,157,2014_37,10-30,0.21795
2014,2014-06-06,157,2014_38,10-30,0.25941
2014,2014-06-06,157,2014_44,10-30,0.27273
2014,2014-06-06,157,2014_46,10-30,0.24236
2014,2014-06-06,157,2014_48,10-30,0.34038
2014,2014-06-16,167,2014_11,10-30,0.2173
2014,2014-06-16,167,2014_13,10-30,0.198
2014,2014-06-16,167,2014_18,10-30,0.17206
2014,2014-06-16,167,2014_23,10-30,0.18548
2014,2014-06-16,167,2014_24,10-30,0.20464
2014,2014-06-16,167,2014_28,10-30,0.23467
2014,2014-06-16,167,2014_34,10-30,0.19565
2014,2014-06-16,167,2014_37,10-30,0.16939
2014,2014-06-16,167,2014_38,10-30,0.19646
2014,2014-06-16,167,2014_44,10-30,0.22338
2014,2014-06-16,167,2014_46,10-30,0.19247
2014,2014-06-16,167,2014_48,10-30,0.30176
2014,2014-06-24,175,2014_11,10-30,0.26829
2014,2014-06-24,175,2014_13,10-30,0.21486
2014,2014-06-24,175,2014_18,10-30,0.20396
2014,2014-06-24,175,2014_23,10-30,0.20507
2014,2014-06-24,175,2014_24,10-30,0.22316
2014,2014-06-24,175,2014_28,10-30,0.27051
2014,2014-06-24,175,2014_34,10-30,0.26112
2014,2014-06-24,175,2014_37,10-30,0.2024
2014,2014-06-24,175,2014_38,10-30,0.25413
2014,2014-06-24,175,2014_44,10-30,0.27412
2014,2014-06-24,175,2014_46,10-30,0.24675
2014,2014-06-24,175,2014_48,10-30,0.3159
2014,2014-07-03,184,2014_11,10-30,0.24013
2014,2014-07-03,184,2014_13,10-30,0.23735
2014,2014-07-03,184,2014_18,10-30,0.26446
2014,2014-07-03,184,2014_23,10-30,0.23267
2014,2014-07-03,184,2014_24,10-30,0.24261
2014,2014-07-03,184,2014_28,10-30,0.33854
2014,2014-07-03,184,2014_34,10-30,0.23975
2014,2014-07-03,184,2014_37,10-30,0.19092
2014,2014-07-03,184,2014_38,10-30,0.21951
2014,2014-07-03,184,2014_44,10-30,0.30523
2014,2014-07-03,184,2014_46,10-30,0.27049
2014,2014-07-03,184,2014_48,10-30,0.40426
2014,2014-07-15,196,2014_11,10-30,0.24138
2014,2014-07-15,196,2014_13,10-30,0.2381
2014,2014-07-15,196,2014_18,10-30,0.25272
2014,2014-07-15,196,2014_23,10-30,0.21489
2014,2014-07-15,196,2014_24,10-30,0.23276
2014,2014-07-15,196,2014_28,10-30,0.31724
2014,2014-07-15,196,2014_34,10-30,0.23313
2014,2014-07-15,196,2014_37,10-30,0.19763
2014,2014-07-15,196,2014_38,10-30,0.22541
2014,2014-07-15,196,2014_44,10-30,0.28791
2014,2014-07-15,196,2014_46,10-30,0.24353
2014,2014-07-15,196,2014_48,10-30,0.35963
2014,2014-07-22,203,2014_11,10-30,0.26201
2014,2014-07-22,203,2014_13,10-30,0.23305
2014,2014-07-22,203,2014_18,10-30,0.21457
2014,2014-07-22,203,2014_23,10-30,0.21118
2014,2014-07-22,203,2014_24,10-30,0.2538
2014,2014-07-22,203,2014_28,10-30,0.26815
2014,2014-07-22,203,2014_34,10-30,0.2008
2014,2014-07-22,203,2014_37,10-30,0.18474
2014,2014-07-22,203,2014_38,10-30,0.22727
2014,2014-07-22,203,2014_44,10-30,0.23418
2014,2014-07-22,203,2014_46,10-30,0.23171
2014,2014-07-22,203,2014_48,10-30,0.27922
2014,2014-07-30,211,2014_11,10-30,0.23387
2014,2014-07-30,211,2014_13,10-30,0.21252
2014,2014-07-30,211,2014_18,10-30,0.17921
2014,2014-07-30,211,2014_23,10-30,0.19259
2014,2014-07-30,211,2014_24,10-30,0.22068
2014,2014-07-30,211,2014_28,10-30,0.23694
2014,2014-07-30,211,2014_34,10-30,0.18371
2014,2014-07-30,211,2014_37,10-30,0.17017
2014,2014-07-30,211,2014_38,10-30,0.35197
2014,2014-07-30,211,2014_44,10-30,0.22973
2014,2014-07-30,211,2014_46,10-30,0.21357
2014,2014-07-30,211,2014_48,10-30,0.24297
2014,2014-08-07,219,2014_11,10-30,0.23776
2014,2014-08-07,219,2014_13,10-30,0.20331
2014,2014-08-07,219,2014_18,10-30,0.18519
2014,2014-08-07,219,2014_23,10-30,0.2292
2014,2014-08-07,219,2014_24,10-30,0.23917
2014,2014-08-07,219,2014_28,10-30,0.27158
2014,2014-08-07,219,2014_34,10-30,0.20266
2014,2014-08-07,219,2014_37,10-30,0.20661
2014,2014-08-07,219,2014_38,10-30,0.22934
2014,2014-08-07,219,2014_44,10-30,0.2547
2014,2014-08-07,219,2014_46,10-30,0.24564
2014,2014-08-07,219,2014_48,10-30,0.29453
2014,2014-08-15,227,2014_11,10-30,0.22318
2014,2014-08-15,227,2014_13,10-30,0.17562
2014,2014-08-15,227,2014_18,10-30,0.1687
2014,2014-08-15,227,2014_23,10-30,0.18427
2014,2014-08-15,227,2014_24,10-30,0.18595
2014,2014-08-15,227,2014_28,10-30,0.23542
2014,2014-08-15,227,2014_34,10-30,0.18519
2014,2014-08-15,227,2014_37,10-30,0.19751
2014,2014-08-15,227,2014_38,10-30,0.19543
2014,2014-08-15,227,2014_44,10-30,0.25602
2014,2014-08-15,227,2014_46,10-30,0.20675
2014,2014-08-15,227,2014_48,10-30,0.23077
2014,2014-09-02,245,2014_11,10-30,0.26437
2014,2014-09-02,245,2014_13,10-30,0.24902
2014,2014-09-02,245,2014_18,10-30,0.2341
2014,2014-09-02,245,2014_23,10-30,0.2478
2014,2014-09-02,245,2014_24,10-30,0.28571
2014,2014-09-02,245,2014_28,10-30,0.31551
2014,2014-09-02,245,2014_34,10-30,0.23546
2014,2014-09-02,245,2014_37,10-30,0.23049
2014,2014-09-02,245,2014_38,10-30,0.2607
2014,2014-09-02,245,2014_44,10-30,0.3071
2014,2014-09-02,245,2014_46,10-30,0.32821
2014,2014-09-02,245,2014_48,10-30,0.35459
2014,2014-09-16,259,2014_11,10-30,0.25943
2014,2014-09-16,259,2014_13,10-30,0.26866
2014,2014-09-16,259,2014_18,10-30,0.28455
2014,2014-09-16,259,2014_23,10-30,0.27286
2014,2014-09-16,259,2014_24,10-30,0.27564
2014,2014-09-16,259,2014_28,10-30,0.33226
2014,2014-09-16,259,2014_34,10-30,0.25444
2014,2014-09-16,259,2014_37,10-30,0.25036
2014,2014-09-16,259,2014_38,10-30,0.29571
2014,2014-09-16,259,2014_44,10-30,0.29323
2014,2014-09-16,259,2014_46,10-30,0.30323
2014,2014-09-16,259,2014_48,10-30,0.33333
2014,2014-10-08,281,2014_11,10-30,0.27326
2014,2014-10-08,281,2014_13,10-30,0.23944
2014,2014-10-08,281,2014_18,10-30,0.28906
2014,2014-10-08,281,2014_23,10-30,0.26437
2014,2014-10-08,281,2014_24,10-30,0.2995
2014,2014-10-08,281,2014_28,10-30,0.30526
2014,2014-10-08,281,2014_34,10-30,0.23016
2014,2014-10-08,281,2014_37,10-30,0.24688
2014,2014-10-08,281,2014_38,10-30,0.26614
2014,2014-10-08,281,2014_44,10-30,0.25854
2014,2014-10-08,281,2014_46,10-30,0.29705
2014,2014-10-08,281,2014_48,10-30,0.32601
2013,2013-05-08,128,2013_14,0-30,0.22863
2013,2013-05-08,128,2013_16,0-30,0.25892
2013,2013-05-08,128,2013_19,0-30,0.2532
2013,2013-05-08,128,2013_25,0-30,0.25394
2013,2013-05-08,128,2013_27,0-30,0.2406
2013,2013-05-08,128,2013_29,0-30,0.26855
2013,2013-05-08,128,2013_32,0-30,0.20966
2013,2013-05-08,128,2013_33,0-30,0.28437
2013,2013-05-08,128,2013_35,0-30,0.23527
2013,2013-05-08,128,2013_42,0-30,0.28496
2013,2013-05-08,128,2013_45,0-30,0.23187
2013,2013-05-08,128,2013_49,0-30,0.28662
2013,2013-05-17,137,2013_14,0-30,0.2249
2013,2013-05-17,137,2013_16,0-30,0.25195
2013,2013-05-17,137,2013_19,0-30,0.26432
2013,2013-05-17,137,2013_25,0-30,0.22409
2013,2013-05-17,137,2013_27,0-30,0.24798
2013,2013-05-17,137,2013_29,0-30,0.24552
2013,2013-05-17,137,2013_32,0-30,0.19118
2013,2013-05-17,137,2013_33,0-30,0.25006
2013,2013-05-17,137,2013_35,0-30,0.22419
2013,2013-05-17,137,2013_42,0-30,0.27813
2013,2013-05-17,137,2013_45,0-30,0.25329
2013,2013-05-17,137,2013_49,0-30,0.29078
2013,2013-05-23,143,2013_14,0-30,0.21624
2013,2013-05-23,143,2013_16,0-30,0.26901
2013,2013-05-23,143,2013_19,0-30,0.27634
2013,2013-05-23,143,2013_25,0-30,0.22072
2013,2013-05-23,143,2013_27,0-30,0.24566
2013,2013-05-23,143,2013_29,0-30,0.2717
2013,2013-05-23,143,2013_32,0-30,0.24997
2013,2013-05-23,143,2013_33,0-30,0.29226
2013,2013-05-23,143,2013_35,0-30,0.22226
2013,2013-05-23,143,2013_42,0-30,0.30427
2013,2013-05-23,143,2013_45,0-30,0.25825
2013,2013-05-23,143,2013_49,0-30,0.25182
2013,2013-05-29,149,2013_14,0-30,0.32238
2013,2013-05-29,149,2013_16,0-30,0.35926
2013,2013-05-29,149,2013_19,0-30,0.31338
2013,2013-05-29,149,2013_25,0-30,0.27659
2013,2013-05-29,149,2013_27,0-30,0.35293
2013,2013-05-29,149,2013_29,0-30,0.34449
2013,2013-05-29,149,2013_32,0-30,0.38041
2013,2013-05-29,149,2013_33,0-30,0.27515
2013,2013-05-29,149,2013_35,0-30,0.28085
2013,2013-05-29,149,2013_42,0-30,0.29402
2013,2013-05-29,149,2013_45,0-30,0.30085
2013,2013-05-29,149,2013_49,0-30,0.35152
2013,2013-06-06,157,2013_14,0-30,0.29044
2013,2013-06-06,157,2013_16,0-30,0.29023
2013,2013-06-06,157,2013_19,0-30,0.33161
2013,2013-06-06,157,2013_25,0-30,0.28426
2013,2013-06-06,157,2013_27,0-30,0.30132
2013,2013-06-06,157,2013_29,0-30,0.28837
2013,2013-06-06,157,2013_32,0-30,0.3225
2013,2013-06-06,157,2013_33,0-30,0.25686
2013,2013-06-06,157,2013_35,0-30,0.25418
2013,2013-06-06,157,2013_42,0-30,0.27115
2013,2013-06-06,157,2013_45,0-30,0.25255
2013,2013-06-06,157,2013_49,0-30,0.3269
2013,2013-06-12,163,2013_14,0-30,0.25917
2013,2013-06-12,163,2013_16,0-30,0.30802
2013,2013-06-12,163,2013_19,0-30,0.28804
2013,2013-06-12,163,2013_25,0-30,0.28313
2013,2013-06-12,163,2013_27,0-30,0.29623
2013,2013-06-12,163,2013_29,0-30,0.29775
2013,2013-06-12,163,2013_32,0-30,0.27228
2013,2013-06-12,163,2013_33,0-30,0.24714
2013,2013-06-12,163,2013_35,0-30,0.23064
2013,2013-06-12,163,2013_42,0-30,0.26099
2013,2013-06-12,163,2013_45,0-30,0.2509
2013,2013-06-12,163,2013_49,0-30,0.33433
2013,2013-06-20,171,2013_14,0-30,0.23938
2013,2013-06-20,171,2013_16,0-30,0.29179
2013,2013-06-20,171,2013_19,0-30,0.26163
2013,2013-06-20,171,2013_25,0-30,0.2539
2013,2013-06-20,171,2013_27,0-30,0.27082
2013,2013-06-20,171,2013_29,0-30,0.27307
2013,2013-06-20,171,2013_32,0-30,0.22189
2013,2013-06-20,171,2013_33,0-30,0.20466
2013,2013-06-20,171,2013_35,0-30,0.21338
2013,2013-06-20,171,2013_42,0-30,0.23428
2013,2013-06-20,171,2013_45,0-30,0.23743
2013,2013-06-20,171,2013_49,0-30,0.28438
2013,2013-06-26,177,2013_14,0-30,0.30032
2013,2013-06-26,177,2013_16,0-30,0.2676
2013,2013-06-26,177,2013_19,0-30,0.27892
2013,2013-06-26,177,2013_25,0-30,0.23752
2013,2013-06-26,177,2013_27,0-30,0.25422
2013,2013-06-26,177,2013_29,0-30,0.31127
2013,2013-06-26,177,2013_32,0-30,0.24545
2013,2013-06-26,177,2013_33,0-30,0.27911
2013,2013-06-26,177,2013_35,0-30,0.22758
2013,2013-06-26,177,2013_42,0-30,0.26052
2013,2013-06-26,177,2013_45,0-30,0.23912
2013,2013-06-26,177,2013_49,0-30,0.31827
2013,2013-07-02,183,2013_14,0-30,0.25693
2013,2013-07-02,183,2013_16,0-30,0.23376
2013,2013-07-02,183,2013_19,0-30,0.24562
2013,2013-07-02,183,2013_25,0-30,0.19014
2013,2013-07-02,183,2013_27,0-30,0.23108
2013,2013-07-02,183,2013_29,0-30,0.25647
2013,2013-07-02,183,2013_32,0-30,0.20617
2013,2013-07-02,183,2013_33,0-30,0.23094
2013,2013-07-02,183,2013_35,0-30,0.20647
2013,2013-07-02,183,2013_42,0-30,0.23041
2013,2013-07-02,183,2013_45,0-30,0.21542
2013,2013-07-02,183,2013_49,0-30,0.26149
2013,2013-07-09,190,2013_14,0-30,0.21671
2013,2013-07-09,190,2013_16,0-30,0.19406
2013,2013-07-09,190,2013_19,0-30,0.19019
2013,2013-07-09,190,2013_25,0-30,0.20694
2013,2013-07-09,190,2013_27,0-30,0.19417
2013,2013-07-09,190,2013_29,0-30,0.22285
2013,2013-07-09,190,2013_32,0-30,0.22529
2013,2013-07-09,190,2013_33,0-30,0.25104
2013,2013-07-09,190,2013_35,0-30,0.17155
2013,2013-07-09,190,2013_42,0-30,0.18236
2013,2013-07-09,190,2013_45,0-30,0.18181
2013,2013-07-09,190,2013_49,0-30,0.25025
2013,2013-07-16,197,2013_14,0-30,0.18302
2013,2013-07-16,197,2013_16,0-30,0.16809
2013,2013-07-16,197,2013_19,0-30,0.18013
2013,2013-07-16,197,2013_25,0-30,0.16949
2013,2013-07-16,197,2013_27,0-30,0.16906
2013,2013-07-16,197,2013_29,0-30,0.1999
2013,2013-07-16,197,2013_32,0-30,0.19742
2013,2013-07-16,197,2013_33,0-30,0.19703
2013,2013-07-16,197,2013_35,0-30,0.15662
2013,2013-07-16,197,2013_42,0-30,0.16114
2013,2013-07-16,197,2013_45,0-30,0.14455
2013,2013-07-16,197,2013_49,0-30,0.20889
2013,2013-07-24,205,2013_14,0-30,0.22778
2013,2013-07-24,205,2013_16,0-30,0.24787
2013,2013-07-24,205,2013_19,0-30,0.22564
2013,2013-07-24,205,2013_25,0-30,0.16794
2013,2013-07-24,205,2013_27,0-30,0.217
2013,2013-07-24,205,2013_29,0-30,0.24455
2013,2013-07-24,205,2013_32,0-30,0.24322
2013,2013-07-24,205,2013_33,0-30,0.24027
2013,2013-07-24,205,2013_35,0-30,0.19466
2013,2013-07-24,205,2013_42,0-30,0.19014
2013,2013-07-24,205,2013_45,0-30,0.18409
2013,2013-07-24,205,2013_49,0-30,0.25312
2013,2013-07-31,212,2013_14,0-30,0.20532
2013,2013-07-31,212,2013_16,0-30,0.21087
2013,2013-07-31,212,2013_19,0-30,0.20141
2013,2013-07-31,212,2013_25,0-30,0.14197
2013,2013-07-31,212,2013_27,0-30,0.18162
2013,2013-07-31,212,2013_29,0-30,0.24122
2013,2013-07-31,212,2013_32,0-30,0.22223
2013,2013-07-31,212,2013_33,0-30,0.21307
2013,2013-07-31,212,2013_35,0-30,0.16675
2013,2013-07-31,212,2013_42,0-30,0.16296
2013,2013-07-31,212,2013_45,0-30,0.15494
2013,2013-07-31,212,2013_49,0-30,0.23647
2013,2013-08-06,218,2013_14,0-30,0.1877
2013,2013-08-06,218,2013_16,0-30,0.18829
2013,2013-08-06,218,2013_19,0-30,0.18344
2013,2013-08-06,218,2013_25,0-30,0.12673
2013,2013-08-06,218,2013_27,0-30,0.18079
2013,2013-08-06,218,2013_29,0-30,0.19716
2013,2013-08-06,218,2013_32,0-30,0.14908
2013,2013-08-06,218,2013_33,0-30,0.13581
2013,2013-08-06,218,2013_35,0-30,0.14882
2013,2013-08-06,218,2013_42,0-30,0.14444
2013,2013-08-06,218,2013_45,0-30,0.17229
2013,2013-08-06,218,2013_49,0-30,0.20162
2013,2013-08-13,225,2013_14,0-30,0.27247
2013,2013-08-13,225,2013_16,0-30,0.2625
2013,2013-08-13,225,2013_19,0-30,0.23988
2013,2013-08-13,225,2013_25,0-30,0.22241
2013,2013-08-13,225,2013_27,0-30,0.25267
2013,2013-08-13,225,2013_29,0-30,0.28167
2013,2013-08-13,225,2013_32,0-30,0.21848
2013,2013-08-13,225,2013_33,0-30,0.21465
2013,2013-08-13,225,2013_35,0-30,0.21857
2013,2013-08-13,225,2013_42,0-30,0.21508
2013,2013-08-13,225,2013_45,0-30,0.25654
2013,2013-08-13,225,2013_49,0-30,0.2905
2013,2013-08-22,234,2013_14,0-30,0.22203
2013,2013-08-22,234,2013_16,0-30,0.21072
2013,2013-08-22,234,2013_19,0-30,0.22136
2013,2013-08-22,234,2013_25,0-30,0.16652
2013,2013-08-22,234,2013_27,0-30,0.19888
2013,2013-08-22,234,2013_29,0-30,0.22985
2013,2013-08-22,234,2013_32,0-30,0.2215
2013,2013-08-22,234,2013_33,0-30,0.21972
2013,2013-08-22,234,2013_35,0-30,0.17073
2013,2013-08-22,234,2013_42,0-30,0.21007
2013,2013-08-22,234,2013_45,0-30,0.20708
2013,2013-08-22,234,2013_49,0-30,0.23833
2013,2013-08-29,241,2013_14,0-30,0.19426
2013,2013-08-29,241,2013_16,0-30,0.16837
2013,2013-08-29,241,2013_19,0-30,0.19807
2013,2013-08-29,241,2013_25,0-30,0.13535
2013,2013-08-29,241,2013_27,0-30,0.17026
2013,2013-08-29,241,2013_29,0-30,0.1879
2013,2013-08-29,241,2013_32,0-30,0.17713
2013,2013-08-29,241,2013_33,0-30,0.1818
2013,2013-08-29,241,2013_35,0-30,0.1403
2013,2013-08-29,241,2013_42,0-30,0.1611
2013,2013-08-29,241,2013_45,0-30,0.1706
2013,2013-08-29,241,2013_49,0-30,0.20886
2013,2013-09-11,254,2013_14,0-30,0.18014
2013,2013-09-11,254,2013_16,0-30,0.16623
2013,2013-09-11,254,2013_19,0-30,0.19424
2013,2013-09-11,254,2013_25,0-30,0.13979
2013,2013-09-11,254,2013_27,0-30,0.173
2013,2013-09-11,254,2013_29,0-30,0.20429
2013,2013-09-11,254,2013_32,0-30,0.16263
2013,2013-09-11,254,2013_33,0-30,0.16556
2013,2013-09-11,254,2013_35,0-30,0.12551
2013,2013-09-11,254,2013_42,0-30,0.16886
2013,2013-09-11,254,2013_45,0-30,0.13391
2013,2013-09-11,254,2013_49,0-30,0.21233
2013,2013-09-24,267,2013_14,0-30,0.2257
2013,2013-09-24,267,2013_16,0-30,0.21032
2013,2013-09-24,267,2013_19,0-30,0.2231
2013,2013-09-24,267,2013_25,0-30,0.17848
2013,2013-09-24,267,2013_27,0-30,0.20248
2013,2013-09-24,267,2013_29,0-30,0.23177
2013,2013-09-24,267,2013_32,0-30,0.24344
2013,2013-09-24,267,2013_33,0-30,0.2034
2013,2013-09-24,267,2013_35,0-30,0.17175
2013,2013-09-24,267,2013_42,0-30,0.21107
2013,2013-09-24,267,2013_45,0-30,0.22429
2013,2013-09-24,267,2013_49,0-30,0.26771
2013,2013-10-09,282,2013_14,0-30,0.22912
2013,2013-10-09,282,2013_16,0-30,0.28632
2013,2013-10-09,282,2013_19,0-30,0.26531
2013,2013-10-09,282,2013_25,0-30,0.24941
2013,2013-10-09,282,2013_27,0-30,0.2749
2013,2013-10-09,282,2013_29,0-30,0.27469
2013,2013-10-09,282,2013_32,0-30,0.24394
2013,2013-10-09,282,2013_33,0-30,0.23355
2013,2013-10-09,282,2013_35,0-30,0.22249
2013,2013-10-09,282,2013_42,0-30,0.28344
2013,2013-10-09,282,2013_45,0-30,0.26673
2013,2013-10-09,282,2013_49,0-30,0.31308
2014,2014-04-25,115,2014_11,0-30,0.26472
2014,2014-04-25,115,2014_13,0-30,0.25472
2014,2014-04-25,115,2014_18,0-30,0.34346
2014,2014-04-25,115,2014_23,0-30,0.2327
2014,2014-04-25,115,2014_24,0-30,0.27462
2014,2014-04-25,115,2014_28,0-30,0.18553
2014,2014-04-25,115,2014_34,0-30,0.30973
2014,2014-04-25,115,2014_37,0-30,0.30876
2014,2014-04-25,115,2014_38,0-30,0.40123
2014,2014-04-25,115,2014_44,0-30,0.47878
2014,2014-04-25,115,2014_46,0-30,0.35781
2014,2014-04-25,115,2014_48,0-30,0.58028
2013,2013-05-05,125,2013_11,0-30,0.25763
2013,2013-05-05,125,2013_13,0-30,0.24757
2013,2013-05-05,125,2013_18,0-30,0.26502
2013,2013-05-05,125,2013_23,0-30,0.27597
2013,2013-05-05,125,2013_24,0-30,0.26365
2013,2013-05-05,125,2013_28,0-30,0.32272
2013,2013-05-05,125,2013_34,0-30,0.2684
2013,2013-05-05,125,2013_37,0-30,0.24493
2013,2013-05-05,125,2013_38,0-30,0.25298
2013,2013-05-05,125,2013_44,0-30,0.31682
2013,2013-05-05,125,2013_46,0-30,0.28854
2013,2013-05-05,125,2013_48,0-30,0.34288
2014,2014-05-14,134,2014_11,0-30,0.26323
2014,2014-05-14,134,2014_13,0-30,0.2353
2014,2014-05-14,134,2014_18,0-30,0.24628
2014,2014-05-14,134,2014_23,0-30,0.25259
2014,2014-05-14,134,2014_24,0-30,0.23812
2014,2014-05-14,134,2014_28,0-30,0.30307
2014,2014-05-14,134,2014_34,0-30,0.25385
2014,2014-05-14,134,2014_37,0-30,0.22406
2014,2014-05-14,134,2014_38,0-30,0.24572
2014,2014-05-14,134,2014_44,0-30,0.303
2014,2014-05-14,134,2014_46,0-30,0.28
2014,2014-05-14,134,2014_48,0-30,0.36104
2014,2014-05-22,142,2014_11,0-30,0.29545
2014,2014-05-22,142,2014_13,0-30,0.2251
2014,2014-05-22,142,2014_18,0-30,0.24123
2014,2014-05-22,142,2014_23,0-30,0.26564
2014,2014-05-22,142,2014_24,0-30,0.22513
2014,2014-05-22,142,2014_28,0-30,0.2794
2014,2014-05-22,142,2014_34,0-30,0.27238
2014,2014-05-22,142,2014_37,0-30,0.2223
2014,2014-05-22,142,2014_38,0-30,0.25344
2014,2014-05-22,142,2014_44,0-30,0.29866
2014,2014-05-22,142,2014_46,0-30,0.30738
2014,2014-05-22,142,2014_48,0-30,0.36392
2014,2014-05-29,149,2014_11,0-30,0.29194
2014,2014-05-29,149,2014_13,0-30,0.22934
2014,2014-05-29,149,2014_18,0-30,0.23548
2014,2014-05-29,149,2014_23,0-30,0.27093
2014,2014-05-29,149,2014_24,0-30,0.22567
2014,2014-05-29,149,2014_28,0-30,0.28669
2014,2014-05-29,149,2014_34,0-30,0.26924
2014,2014-05-29,149,2014_37,0-30,0.21355
2014,2014-05-29,149,2014_38,0-30,0.24957
2014,2014-05-29,149,2014_44,0-30,0.30188
2014,2014-05-29,149,2014_46,0-30,0.31807
2014,2014-05-29,149,2014_48,0-30,0.38279
2014,2014-06-06,157,2014_11,0-30,0.27996
2014,2014-06-06,157,2014_13,0-30,0.25088
2014,2014-06-06,157,2014_18,0-30,0.23008
2014,2014-06-06,157,2014_23,0-30,0.22999
2014,2014-06-06,157,2014_24,0-30,0.2406
2014,2014-06-06,157,2014_28,0-30,0.32909
2014,2014-06-06,157,2014_34,0-30,0.24713
2014,2014-06-06,157,2014_37,0-30,0.22799
2014,2014-06-06,157,2014_38,0-30,0.2664
2014,2014-06-06,157,2014_44,0-30,0.28712
2014,2014-06-06,157,2014_46,0-30,0.25526
2014,2014-06-06,157,2014_48,0-30,0.35404
2014,2014-06-16,167,2014_11,0-30,0.21951
2014,2014-06-16,167,2014_13,0-30,0.20632
2014,2014-06-16,167,2014_18,0-30,0.17929
2014,2014-06-16,167,2014_23,0-30,0.18736
2014,2014-06-16,167,2014_24,0-30,0.19986
2014,2014-06-16,167,2014_28,0-30,0.24163
2014,2014-06-16,167,2014_34,0-30,0.20456
2014,2014-06-16,167,2014_37,0-30,0.17566
2014,2014-06-16,167,2014_38,0-30,0.1999
2014,2014-06-16,167,2014_44,0-30,0.22748
2014,2014-06-16,167,2014_46,0-30,0.19724
2014,2014-06-16,167,2014_48,0-30,0.3024
2014,2014-06-24,175,2014_11,0-30,0.29184
2014,2014-06-24,175,2014_13,0-30,0.23522
2014,2014-06-24,175,2014_18,0-30,0.22889
2014,2014-06-24,175,2014_23,0-30,0.22998
2014,2014-06-24,175,2014_24,0-30,0.2437
2014,2014-06-24,175,2014_28,0-30,0.30104
2014,2014-06-24,175,2014_34,0-30,0.29457
2014,2014-06-24,175,2014_37,0-30,0.2188
2014,2014-06-24,175,2014_38,0-30,0.28156
2014,2014-06-24,175,2014_44,0-30,0.31156
2014,2014-06-24,175,2014_46,0-30,0.2719
2014,2014-06-24,175,2014_48,0-30,0.35091
2014,2014-07-03,184,2014_11,0-30,0.25532
2014,2014-07-03,184,2014_13,0-30,0.26833
2014,2014-07-03,184,2014_18,0-30,0.28728
2014,2014-07-03,184,2014_23,0-30,0.24879
2014,2014-07-03,184,2014_24,0-30,0.26066
2014,2014-07-03,184,2014_28,0-30,0.36679
2014,2014-07-03,184,2014_34,0-30,0.27483
2014,2014-07-03,184,2014_37,0-30,0.21202
2014,2014-07-03,184,2014_38,0-30,0.24
2014,2014-07-03,184,2014_44,0-30,0.33807
2014,2014-07-03,184,2014_46,0-30,0.30098
2014,2014-07-03,184,2014_48,0-30,0.44489
2014,2014-07-15,196,2014_11,0-30,0.2539
2014,2014-07-15,196,2014_13,0-30,0.2598
2014,2014-07-15,196,2014_18,0-30,0.27328
2014,2014-07-15,196,2014_23,0-30,0.22718
2014,2014-07-15,196,2014_24,0-30,0.24634
2014,2014-07-15,196,2014_28,0-30,0.33661
2014,2014-07-15,196,2014_34,0-30,0.25737
2014,2014-07-15,196,2014_37,0-30,0.21424
2014,2014-07-15,196,2014_38,0-30,0.24086
2014,2014-07-15,196,2014_44,0-30,0.30595
2014,2014-07-15,196,2014_46,0-30,0.26848
2014,2014-07-15,196,2014_48,0-30,0.38327
2014,2014-07-22,203,2014_11,0-30,0.26707
2014,2014-07-22,203,2014_13,0-30,0.24238
2014,2014-07-22,203,2014_18,0-30,0.22056
2014,2014-07-22,203,2014_23,0-30,0.22129
2014,2014-07-22,203,2014_24,0-30,0.24828
2014,2014-07-22,203,2014_28,0-30,0.27352
2014,2014-07-22,203,2014_34,0-30,0.21126
2014,2014-07-22,203,2014_37,0-30,0.19257
2014,2014-07-22,203,2014_38,0-30,0.23468
2014,2014-07-22,203,2014_44,0-30,0.2531
2014,2014-07-22,203,2014_46,0-30,0.24253
2014,2014-07-22,203,2014_48,0-30,0.28801
2014,2014-07-30,211,2014_11,0-30,0.23895
2014,2014-07-30,211,2014_13,0-30,0.22117
2014,2014-07-30,211,2014_18,0-30,0.18815
2014,2014-07-30,211,2014_23,0-30,0.21013
2014,2014-07-30,211,2014_24,0-30,0.21819
2014,2014-07-30,211,2014_28,0-30,0.24719
2014,2014-07-30,211,2014_34,0-30,0.19248
2014,2014-07-30,211,2014_37,0-30,0.17556
2014,2014-07-30,211,2014_38,0-30,0.31878
2014,2014-07-30,211,2014_44,0-30,0.24679
2014,2014-07-30,211,2014_46,0-30,0.22122
2014,2014-07-30,211,2014_48,0-30,0.25699
2014,2014-08-07,219,2014_11,0-30,0.26603
2014,2014-08-07,219,2014_13,0-30,0.23236
2014,2014-08-07,219,2014_18,0-30,0.21391
2014,2014-08-07,219,2014_23,0-30,0.26314
2014,2014-08-07,219,2014_24,0-30,0.26025
2014,2014-08-07,219,2014_28,0-30,0.30278
2014,2014-08-07,219,2014_34,0-30,0.23561000000000001
2014,2014-08-07,219,2014_37,0-30,0.23029
2014,2014-08-07,219,2014_38,0-30,0.25804
2014,2014-08-07,219,2014_44,0-30,0.28217
2014,2014-08-07,219,2014_46,0-30,0.277
2014,2014-08-07,219,2014_48,0-30,0.34029
2014,2014-08-15,227,2014_11,0-30,0.25925
2014,2014-08-15,227,2014_13,0-30,0.20123
2014,2014-08-15,227,2014_18,0-30,0.19749
2014,2014-08-15,227,2014_23,0-30,0.21561
2014,2014-08-15,227,2014_24,0-30,0.20467
2014,2014-08-15,227,2014_28,0-30,0.2665
2014,2014-08-15,227,2014_34,0-30,0.21546
2014,2014-08-15,227,2014_37,0-30,0.22605
2014,2014-08-15,227,2014_38,0-30,0.22595
2014,2014-08-15,227,2014_44,0-30,0.28815
2014,2014-08-15,227,2014_46,0-30,0.23731
2014,2014-08-15,227,2014_48,0-30,0.27629
2014,2014-09-02,245,2014_11,0-30,0.28772
2014,2014-09-02,245,2014_13,0-30,0.27849
2014,2014-09-02,245,2014_18,0-30,0.26158
2014,2014-09-02,245,2014_23,0-30,0.272
2014,2014-09-02,245,2014_24,0-30,0.30075
2014,2014-09-02,245,2014_28,0-30,0.34454
2014,2014-09-02,245,2014_34,0-30,0.27013
2014,2014-09-02,245,2014_37,0-30,0.25029
2014,2014-09-02,245,2014_38,0-30,0.2813
2014,2014-09-02,245,2014_44,0-30,0.33132
2014,2014-09-02,245,2014_46,0-30,0.35563
2014,2014-09-02,245,2014_48,0-30,0.39059
2014,2014-09-16,259,2014_11,0-30,0.28007
2014,2014-09-16,259,2014_13,0-30,0.3021
2014,2014-09-16,259,2014_18,0-30,0.30584
2014,2014-09-16,259,2014_23,0-30,0.28845
2014,2014-09-16,259,2014_24,0-30,0.28705
2014,2014-09-16,259,2014_28,0-30,0.35892
2014,2014-09-16,259,2014_34,0-30,0.28657
2014,2014-09-16,259,2014_37,0-30,0.27099
2014,2014-09-16,259,2014_38,0-30,0.31195
2014,2014-09-16,259,2014_44,0-30,0.31886
2014,2014-09-16,259,2014_46,0-30,0.3325
2014,2014-09-16,259,2014_48,0-30,0.35902
2014,2014-10-08,281,2014_11,0-30,0.2945
2014,2014-10-08,281,2014_13,0-30,0.26239
2014,2014-10-08,281,2014_18,0-30,0.31126
2014,2014-10-08,281,2014_23,0-30,0.28074
2014,2014-10-08,281,2014_24,0-30,0.31496
2014,2014-10-08,281,2014_28,0-30,0.32405
2014,2014-10-08,281,2014_34,0-30,0.25549
2014,2014-10-08,281,2014_37,0-30,0.26102
2014,2014-10-08,281,2014_38,0-30,0.27552
2014,2014-10-08,281,2014_44,0-30,0.29108
2014,2014-10-08,281,2014_46,0-30,0.32012
2014,2014-10-08,281,2014_48,0-30,0.35487
