year,date,dap,depth,plot_id,roots_g,soilvol_cm3,roots_gcm3
2019,2019-06-06,3,0-15cm,2019_12,0.0192,475.2,4.04040404040404e-5
2019,2019-06-06,3,15-30cm,2019_12,0.0821,475.2,1.727693602693603e-4
2019,2019-06-06,3,30-45cm,2019_12,0.0947,475.2,1.992845117845118e-4
2019,2019-06-06,3,45-60cm,2019_12,0.0384,475.2,8.08080808080808e-5
2019,2019-06-06,3,0-15cm,2019_19,0.1158,475.2,2.436868686868687e-4
2019,2019-06-06,3,15-30cm,2019_19,0.0139,475.2,2.925084175084175e-5
2019,2019-06-06,3,30-45cm,2019_19,0.0288,475.2,6.0606060606060605e-5
2019,2019-06-06,3,45-60cm,2019_19,0.0133,475.2,2.7988215488215488e-5
2019,2019-06-06,3,0-15cm,2019_21,0.1193,475.2,2.5105218855218855e-4
2019,2019-06-06,3,15-30cm,2019_21,0.1101,475.2,2.316919191919192e-4
2019,2019-06-06,3,30-45cm,2019_21,0.0573,475.2,1.2058080808080808e-4
2019,2019-06-06,3,45-60cm,2019_21,0.0389,475.2,8.186026936026935e-5
2019,2019-06-06,3,0-15cm,2019_27,0.0313,475.2,6.586700336700337e-5
2019,2019-06-06,3,15-30cm,2019_27,0.0089,475.2,1.872895622895623e-5
2019,2019-06-06,3,30-45cm,2019_27,0.0066,475.2,1.388888888888889e-5
2019,2019-06-06,3,45-60cm,2019_27,0.0031,475.2,6.523569023569024e-6
2019,2019-06-06,3,0-15cm,2019_31,0.0499,475.2,1.0500841750841751e-4
2019,2019-06-06,3,15-30cm,2019_31,0.0131,475.2,2.756734006734007e-5
2019,2019-06-06,3,30-45cm,2019_31,0.0128,475.2,2.6936026936026937e-5
2019,2019-06-06,3,45-60cm,2019_31,0.0028,475.2,5.892255892255892e-6
2019,2019-06-06,3,0-15cm,2019_35,0.0243,475.2,5.1136363636363635e-5
2019,2019-06-06,3,15-30cm,2019_35,0.0062,475.2,1.3047138047138047e-5
2019,2019-06-06,3,30-45cm,2019_35,0.0037,475.2,7.786195286195287e-6
2019,2019-06-06,3,45-60cm,2019_35,0.0034,475.2,7.1548821548821545e-6
2019,2019-06-06,3,0-15cm,2019_43,0.0481,475.2,1.0122053872053872e-4
2019,2019-06-06,3,15-30cm,2019_43,0.0505,475.2,1.0627104377104378e-4
2019,2019-06-06,3,30-45cm,2019_43,0.0201,475.2,4.2297979797979795e-5
2019,2019-06-06,3,45-60cm,2019_43,0.0211,475.2,4.4402356902356904e-5
2019,2019-06-06,3,0-15cm,2019_45,0.0106,475.2,2.2306397306397308e-5
2019,2019-06-06,3,15-30cm,2019_45,0.0062,475.2,1.3047138047138047e-5
2019,2019-06-06,3,30-45cm,2019_45,0.004,475.2,8.417508417508419e-6
2019,2019-06-06,3,45-60cm,2019_45,7e-4,475.2,1.473063973063973e-6
2019,2019-07-10,39,0-15cm,2019_12,0.1587,475.2,3.339646464646465e-4
2019,2019-07-10,39,15-30cm,2019_12,0.2113,475.2,4.4465488215488213e-4
2019,2019-07-10,39,30-45cm,2019_12,0.0078,475.2,1.6414141414141413e-5
2019,2019-07-10,39,45-60cm,2019_12,0.0075,475.2,1.5782828282828283e-5
2019,2019-07-10,39,0-15cm,2019_19,0.1065,475.2,2.2411616161616162e-4
2019,2019-07-10,39,15-30cm,2019_19,0.024,475.2,5.0505050505050505e-5
2019,2019-07-10,39,30-45cm,2019_19,0.0042,475.2,8.838383838383838e-6
2019,2019-07-10,39,45-60cm,2019_19,0.0053,475.2,1.1153198653198654e-5
2019,2019-07-10,39,0-15cm,2019_21,0.1902,475.2,4.0025252525252526e-4
2019,2019-07-10,39,15-30cm,2019_21,0.0548,475.2,1.1531986531986532e-4
2019,2019-07-10,39,30-45cm,2019_21,0.0287,475.2,6.03956228956229e-5
2019,2019-07-10,39,45-60cm,2019_21,0.0114,475.2,2.3989898989898993e-5
2019,2019-07-10,39,0-15cm,2019_27,0.3761,475.2,7.914562289562289e-4
2019,2019-07-10,39,15-30cm,2019_27,0.0756,475.2,1.590909090909091e-4
2019,2019-07-10,39,30-45cm,2019_27,0.0082,475.2,1.725589225589226e-5
2019,2019-07-10,39,45-60cm,2019_27,0.0021,475.2,4.419191919191919e-6
2019,2019-07-10,39,0-15cm,2019_31,0.158,475.2,3.324915824915825e-4
2019,2019-07-10,39,15-30cm,2019_31,0.0337,475.2,7.091750841750842e-5
2019,2019-07-10,39,30-45cm,2019_31,0.0705,475.2,1.4835858585858584e-4
2019,2019-07-10,39,45-60cm,2019_31,0.1151,475.2,2.422138047138047e-4
2019,2019-07-10,39,0-15cm,2019_35,0.1561,475.2,3.28493265993266e-4
2019,2019-07-10,39,15-30cm,2019_35,0.0651,475.2,1.369949494949495e-4
2019,2019-07-10,39,30-45cm,2019_35,0.0232,475.2,4.882154882154882e-5
2019,2019-07-10,39,45-60cm,2019_35,0.0296,475.2,6.22895622895623e-5
2019,2019-07-10,39,0-15cm,2019_43,0.5642,475.2,0.0011872895622895624
2019,2019-07-10,39,15-30cm,2019_43,0.4315,475.2,9.080387205387206e-4
2019,2019-07-10,39,30-45cm,2019_43,0.0632,475.2,1.32996632996633e-4
2019,2019-07-10,39,45-60cm,2019_43,0.184,475.2,3.872053872053872e-4
2019,2019-07-10,39,0-15cm,2019_45,0.327,475.2,6.881313131313132e-4
2019,2019-07-10,39,15-30cm,2019_45,0.0278,475.2,5.85016835016835e-5
2019,2019-07-10,39,30-45cm,2019_45,0.0022,475.2,4.62962962962963e-6
2019,2019-07-10,39,45-60cm,2019_45,0.0194,475.2,4.082491582491583e-5
2019,2019-07-29,56,0-15cm,2019_12,0.1196,475.2,2.516835016835017e-4
2019,2019-07-29,56,15-30cm,2019_12,0.0801,475.2,1.6856060606060608e-4
2019,2019-07-29,56,30-45cm,2019_12,0.0608,475.2,1.2794612794612796e-4
2019,2019-07-29,56,45-60cm,2019_12,0.17,475.2,3.5774410774410775e-4
2019,2019-07-29,56,0-15cm,2019_19,0.0606,475.2,1.2752525252525252e-4
2019,2019-07-29,56,15-30cm,2019_19,0.0491,475.2,1.0332491582491582e-4
2019,2019-07-29,56,30-45cm,2019_19,0.0181,475.2,3.808922558922559e-5
2019,2019-07-29,56,45-60cm,2019_19,0.0482,475.2,1.0143097643097643e-4
2019,2019-07-29,56,0-15cm,2019_21,0.1065,475.2,2.2411616161616162e-4
2019,2019-07-29,56,15-30cm,2019_21,0.3142,475.2,6.611952861952862e-4
2019,2019-07-29,56,30-45cm,2019_21,0.1014,475.2,2.1338383838383839e-4
2019,2019-07-29,56,45-60cm,2019_21,0.0876,475.2,1.8434343434343435e-4
2019,2019-07-29,56,0-15cm,2019_27,0.132,475.2,2.777777777777778e-4
2019,2019-07-29,56,15-30cm,2019_27,0.1524,475.2,3.207070707070707e-4
2019,2019-07-29,56,30-45cm,2019_27,0.0966,475.2,2.032828282828283e-4
2019,2019-07-29,56,45-60cm,2019_27,0.0179,475.2,3.7668350168350167e-5
2019,2019-07-29,56,0-15cm,2019_31,0.0877,475.2,1.8455387205387205e-4
2019,2019-07-29,56,15-30cm,2019_31,0.1165,475.2,2.451599326599327e-4
2019,2019-07-29,56,30-45cm,2019_31,0.0635,475.2,1.3362794612794613e-4
2019,2019-07-29,56,45-60cm,2019_31,0.0568,475.2,1.1952861952861954e-4
2019,2019-07-29,56,0-15cm,2019_35,0.1717,475.2,3.613215488215488e-4
2019,2019-07-29,56,15-30cm,2019_35,0.0672,475.2,1.414141414141414e-4
2019,2019-07-29,56,30-45cm,2019_35,0.0315,475.2,6.62878787878788e-5
2019,2019-07-29,56,45-60cm,2019_35,0.0283,475.2,5.955387205387205e-5
2019,2019-07-29,56,0-15cm,2019_43,0.0581,475.2,1.2226430976430976e-4
2019,2019-07-29,56,15-30cm,2019_43,0.1777,475.2,3.7394781144781147e-4
2019,2019-07-29,56,30-45cm,2019_43,0.0358,475.2,7.533670033670033e-5
2019,2019-07-29,56,45-60cm,2019_43,0.0379,475.2,7.975589225589227e-5
2019,2019-07-29,56,0-15cm,2019_45,0.1813,475.2,3.81523569023569e-4
2019,2019-07-29,56,15-30cm,2019_45,0.1247,475.2,2.6241582491582494e-4
2019,2019-07-29,56,30-45cm,2019_45,0.0211,475.2,4.4402356902356904e-5
2019,2019-07-29,56,45-60cm,2019_45,0.0147,475.2,3.0934343434343436e-5
2019,2019-08-16,74,0-15cm,2019_12,0.2816,475.2,5.925925925925927e-4
2019,2019-08-16,74,15-30cm,2019_12,0.0799,475.2,1.6813973063973064e-4
2019,2019-08-16,74,30-45cm,2019_12,0.0257,475.2,5.4082491582491586e-5
2019,2019-08-16,74,45-60cm,2019_12,0.0361,475.2,7.596801346801348e-5
2019,2019-08-16,74,0-15cm,2019_19,0.1234,475.2,2.596801346801347e-4
2019,2019-08-16,74,15-30cm,2019_19,0.0658,475.2,1.3846801346801348e-4
2019,2019-08-16,74,30-45cm,2019_19,0.0993,475.2,2.0896464646464648e-4
2019,2019-08-16,74,45-60cm,2019_19,0.0549,475.2,1.1553030303030303e-4
2019,2019-08-16,74,0-15cm,2019_21,0.1587,475.2,3.339646464646465e-4
2019,2019-08-16,74,15-30cm,2019_21,0.1754,475.2,3.691077441077441e-4
2019,2019-08-16,74,30-45cm,2019_21,0.1072,475.2,2.255892255892256e-4
2019,2019-08-16,74,45-60cm,2019_21,0.0381,475.2,8.017676767676768e-5
2019,2019-08-16,74,0-15cm,2019_27,0.1559,475.2,3.280723905723906e-4
2019,2019-08-16,74,15-30cm,2019_27,0.0318,475.2,6.691919191919192e-5
2019,2019-08-16,74,30-45cm,2019_27,0.0308,475.2,6.481481481481482e-5
2019,2019-08-16,74,45-60cm,2019_27,0.051,475.2,1.0732323232323232e-4
2019,2019-08-16,74,0-15cm,2019_31,0.1248,475.2,2.626262626262626e-4
2019,2019-08-16,74,15-30cm,2019_31,0.0634,475.2,1.334175084175084e-4
2019,2019-08-16,74,30-45cm,2019_31,0.0797,475.2,1.677188552188552e-4
2019,2019-08-16,74,45-60cm,2019_31,0.0275,475.2,5.787037037037037e-5
2019,2019-08-16,74,0-15cm,2019_35,0.1598,475.2,3.362794612794613e-4
2019,2019-08-16,74,15-30cm,2019_35,0.0655,475.2,1.3783670033670035e-4
2019,2019-08-16,74,30-45cm,2019_35,0.0846,475.2,1.7803030303030303e-4
2019,2019-08-16,74,45-60cm,2019_35,0.0493,475.2,1.0374579124579124e-4
2019,2019-08-16,74,0-15cm,2019_43,0.0576,475.2,1.2121212121212121e-4
2019,2019-08-16,74,15-30cm,2019_43,0.0939,475.2,1.976010101010101e-4
2019,2019-08-16,74,30-45cm,2019_43,0.0513,475.2,1.0795454545454545e-4
2019,2019-08-16,74,45-60cm,2019_43,0.0469,475.2,9.86952861952862e-5
2019,2019-08-16,74,0-15cm,2019_45,0.1118,475.2,2.3526936026936027e-4
2019,2019-08-16,74,15-30cm,2019_45,0.0733,475.2,1.5425084175084175e-4
2019,2019-08-16,74,30-45cm,2019_45,0.0326,475.2,6.86026936026936e-5
2019,2019-08-16,74,45-60cm,2019_45,0.0672,475.2,1.414141414141414e-4
2019,2019-09-16,105,0-15cm,2019_12,0.101,475.2,2.1254208754208756e-4
2019,2019-09-16,105,15-30cm,2019_12,0.0727,475.2,1.529882154882155e-4
2019,2019-09-16,105,30-45cm,2019_12,0.0248,475.2,5.218855218855219e-5
2019,2019-09-16,105,45-60cm,2019_12,0.0437,475.2,9.196127946127947e-5
2019,2019-09-16,105,0-15cm,2019_19,0.2022,475.2,4.255050505050505e-4
2019,2019-09-16,105,15-30cm,2019_19,0.0789,475.2,1.6603535353535353e-4
2019,2019-09-16,105,30-45cm,2019_19,0.0384,475.2,8.08080808080808e-5
2019,2019-09-16,105,45-60cm,2019_19,0.032,475.2,6.734006734006735e-5
2019,2019-09-16,105,0-15cm,2019_21,0.1507,475.2,3.1712962962962966e-4
2019,2019-09-16,105,15-30cm,2019_21,0.1627,475.2,3.423821548821549e-4
2019,2019-09-16,105,30-45cm,2019_21,0.1303,475.2,2.742003367003367e-4
2019,2019-09-16,105,45-60cm,2019_21,0.0953,475.2,2.0054713804713804e-4
2019,2019-09-16,105,0-15cm,2019_27,0.2146,475.2,4.5159932659932664e-4
2019,2019-09-16,105,15-30cm,2019_27,0.1201,475.2,2.5273569023569024e-4
2019,2019-09-16,105,30-45cm,2019_27,0.043,475.2,9.048821548821548e-5
2019,2019-09-16,105,45-60cm,2019_27,0.0412,475.2,8.67003367003367e-5
2019,2019-09-16,105,0-15cm,2019_31,0.0949,475.2,1.9970538720538722e-4
2019,2019-09-16,105,15-30cm,2019_31,0.1099,475.2,2.3127104377104377e-4
2019,2019-09-16,105,30-45cm,2019_31,0.2644,475.2,5.563973063973064e-4
2019,2019-09-16,105,45-60cm,2019_31,0.0392,475.2,8.24915824915825e-5
2019,2019-09-16,105,0-15cm,2019_35,0.1119,475.2,2.35479797979798e-4
2019,2019-09-16,105,15-30cm,2019_35,0.0611,475.2,1.285774410774411e-4
2019,2019-09-16,105,30-45cm,2019_35,0.0543,475.2,1.1426767676767677e-4
2019,2019-09-16,105,45-60cm,2019_35,0.0453,475.2,9.532828282828283e-5
2019,2019-09-16,105,0-15cm,2019_43,0.1458,475.2,3.0681818181818186e-4
2019,2019-09-16,105,15-30cm,2019_43,0.1784,475.2,3.7542087542087545e-4
2019,2019-09-16,105,30-45cm,2019_43,0.038,475.2,7.996632996632996e-5
2019,2019-09-16,105,45-60cm,2019_43,0.1612,475.2,3.3922558922558924e-4
2019,2019-09-16,105,0-15cm,2019_45,0.1557,475.2,3.276515151515152e-4
2019,2019-09-16,105,15-30cm,2019_45,0.1205,475.2,2.5357744107744107e-4
2019,2019-09-16,105,30-45cm,2019_45,0.1163,475.2,2.4473905723905725e-4
2019,2019-09-16,105,45-60cm,2019_45,0.0162,475.2,3.409090909090909e-5
2020,2020-04-27,4,0-15cm,2020_13,0.2334,475.2,4.911616161616161e-4
2020,2020-04-27,4,15-30cm,2020_13,0.2126,475.2,4.473905723905724e-4
2020,2020-04-27,4,30-45cm,2020_13,0.2134,475.2,4.490740740740741e-4
2020,2020-04-27,4,45-60cm,2020_13,0.2129,475.2,4.480218855218855e-4
2020,2020-04-27,4,0-15cm,2020_17,0.0392,475.2,8.24915824915825e-5
2020,2020-04-27,4,15-30cm,2020_17,0.0378,475.2,7.954545454545455e-5
2020,2020-04-27,4,30-45cm,2020_17,0.0096,475.2,2.02020202020202e-5
2020,2020-04-27,4,45-60cm,2020_17,0.0024,475.2,5.05050505050505e-6
2020,2020-04-27,4,0-15cm,2020_22,0.0417,475.2,8.775252525252525e-5
2020,2020-04-27,4,15-30cm,2020_22,0.0116,475.2,2.441077441077441e-5
2020,2020-04-27,4,30-45cm,2020_22,0.0523,475.2,1.1005892255892256e-4
2020,2020-04-27,4,45-60cm,2020_22,0.0474,475.2,9.974747474747475e-5
2020,2020-04-27,4,0-15cm,2020_24,0.0201,475.2,4.2297979797979795e-5
2020,2020-04-27,4,15-30cm,2020_24,0.0088,475.2,1.851851851851852e-5
2020,2020-04-27,4,30-45cm,2020_24,0.0083,475.2,1.7466329966329967e-5
2020,2020-04-27,4,45-60cm,2020_24,0.0058,475.2,1.2205387205387205e-5
2020,2020-04-27,4,0-15cm,2020_34,0.0188,475.2,3.956228956228956e-5
2020,2020-04-27,4,15-30cm,2020_34,0.017,475.2,3.577441077441078e-5
2020,2020-04-27,4,30-45cm,2020_34,0.0168,475.2,3.535353535353535e-5
2020,2020-04-27,4,45-60cm,2020_34,0.0049,475.2,1.0311447811447812e-5
2020,2020-04-27,4,0-15cm,2020_39,0.2284,475.2,4.806397306397306e-4
2020,2020-04-27,4,15-30cm,2020_39,0.0519,475.2,1.0921717171717173e-4
2020,2020-04-27,4,30-45cm,2020_39,0.0263,475.2,5.5345117845117846e-5
2020,2020-04-27,4,45-60cm,2020_39,0.0046,475.2,9.68013468013468e-6
2020,2020-04-27,4,0-15cm,2020_41,0.5788,475.2,0.001218013468013468
2020,2020-04-27,4,15-30cm,2020_41,0.0566,475.2,1.191077441077441e-4
2020,2020-04-27,4,30-45cm,2020_41,0.0113,475.2,2.3779461279461277e-5
2020,2020-04-27,4,45-60cm,2020_41,0.0022,475.2,4.62962962962963e-6
2020,2020-04-27,4,0-15cm,2020_44,0.033,475.2,6.944444444444444e-5
2020,2020-04-27,4,15-30cm,2020_44,0.014,475.2,2.9461279461279464e-5
2020,2020-04-27,4,30-45cm,2020_44,0.0019,475.2,3.998316498316499e-6
2020,2020-04-27,4,45-60cm,2020_44,0.0016,475.2,3.367003367003367e-6
2020,2020-05-22,27,0-15cm,2020_13,0.0416,475.2,8.754208754208753e-5
2020,2020-05-22,27,15-30cm,2020_13,0.0213,475.2,4.482323232323232e-5
2020,2020-05-22,27,30-45cm,2020_13,0.0028,475.2,5.892255892255892e-6
2020,2020-05-22,27,45-60cm,2020_13,0.0041,475.2,8.62794612794613e-6
2020,2020-05-22,27,0-15cm,2020_17,0.0453,475.2,9.532828282828283e-5
2020,2020-05-22,27,15-30cm,2020_17,0.0525,475.2,1.1047979797979797e-4
2020,2020-05-22,27,30-45cm,2020_17,0.0089,475.2,1.872895622895623e-5
2020,2020-05-22,27,45-60cm,2020_17,0.0631,475.2,1.327861952861953e-4
2020,2020-05-22,27,0-15cm,2020_22,0.0271,475.2,5.702861952861953e-5
2020,2020-05-22,27,15-30cm,2020_22,0.027,475.2,5.681818181818182e-5
2020,2020-05-22,27,30-45cm,2020_22,0.0094,475.2,1.978114478114478e-5
2020,2020-05-22,27,45-60cm,2020_22,0.0031,475.2,6.523569023569024e-6
2020,2020-05-22,27,0-15cm,2020_24,0.0382,475.2,8.038720538720539e-5
2020,2020-05-22,27,15-30cm,2020_24,0.0198,475.2,4.166666666666667e-5
2020,2020-05-22,27,30-45cm,2020_24,0.0136,475.2,2.8619528619528618e-5
2020,2020-05-22,27,45-60cm,2020_24,0.0049,475.2,1.0311447811447812e-5
2020,2020-05-22,27,0-15cm,2020_34,0.0369,475.2,7.765151515151516e-5
2020,2020-05-22,27,15-30cm,2020_34,0.0129,475.2,2.7146464646464646e-5
2020,2020-05-22,27,30-45cm,2020_34,0.0288,475.2,6.0606060606060605e-5
2020,2020-05-22,27,45-60cm,2020_34,0.0049,475.2,1.0311447811447812e-5
2020,2020-05-22,27,0-15cm,2020_39,0.0368,475.2,7.744107744107744e-5
2020,2020-05-22,27,15-30cm,2020_39,0.0227,475.2,4.776936026936027e-5
2020,2020-05-22,27,30-45cm,2020_39,0.0083,475.2,1.7466329966329967e-5
2020,2020-05-22,27,45-60cm,2020_39,0.0073,475.2,1.5361952861952862e-5
2020,2020-05-22,27,0-15cm,2020_41,0.0277,475.2,5.829124579124579e-5
2020,2020-05-22,27,15-30cm,2020_41,0.0113,475.2,2.3779461279461277e-5
2020,2020-05-22,27,30-45cm,2020_41,0.0025,475.2,5.260942760942761e-6
2020,2020-05-22,27,45-60cm,2020_41,0.0025,475.2,5.260942760942761e-6
2020,2020-05-22,27,0-15cm,2020_44,0.0444,475.2,9.343434343434344e-5
2020,2020-05-22,27,15-30cm,2020_44,0.0197,475.2,4.145622895622895e-5
2020,2020-05-22,27,30-45cm,2020_44,0.0242,475.2,5.092592592592592e-5
2020,2020-05-22,27,45-60cm,2020_44,0.0031,475.2,6.523569023569024e-6
2020,2020-06-12,50,0-15cm,2020_13,0.0481,475.2,1.0122053872053872e-4
2020,2020-06-12,50,15-30cm,2020_13,0.0196,475.2,4.124579124579125e-5
2020,2020-06-12,50,30-45cm,2020_13,0.0101,475.2,2.1254208754208754e-5
2020,2020-06-12,50,45-60cm,2020_13,0.0051,475.2,1.0732323232323233e-5
2020,2020-06-12,50,0-15cm,2020_17,0.0491,475.2,1.0332491582491582e-4
2020,2020-06-12,50,15-30cm,2020_17,0.0167,475.2,3.514309764309764e-5
2020,2020-06-12,50,30-45cm,2020_17,0.0402,475.2,8.459595959595959e-5
2020,2020-06-12,50,45-60cm,2020_17,0.0105,475.2,2.20959595959596e-5
2020,2020-06-12,50,0-15cm,2020_22,0.0251,475.2,5.2819865319865326e-5
2020,2020-06-12,50,15-30cm,2020_22,0.0128,475.2,2.6936026936026937e-5
2020,2020-06-12,50,30-45cm,2020_22,0.0072,475.2,1.5151515151515151e-5
2020,2020-06-12,50,45-60cm,2020_22,0.0031,475.2,6.523569023569024e-6
2020,2020-06-12,50,0-15cm,2020_24,0.0686,475.2,1.4436026936026934e-4
2020,2020-06-12,50,15-30cm,2020_24,0.0275,475.2,5.787037037037037e-5
2020,2020-06-12,50,30-45cm,2020_24,0.0155,475.2,3.261784511784512e-5
2020,2020-06-12,50,45-60cm,2020_24,0.0161,475.2,3.388047138047138e-5
2020,2020-06-12,50,0-15cm,2020_34,0.098,475.2,2.0622895622895624e-4
2020,2020-06-12,50,15-30cm,2020_34,0.0128,475.2,2.6936026936026937e-5
2020,2020-06-12,50,30-45cm,2020_34,0.0136,475.2,2.8619528619528618e-5
2020,2020-06-12,50,45-60cm,2020_34,0.0065,475.2,1.3678451178451177e-5
2020,2020-06-12,50,0-15cm,2020_39,0.0611,475.2,1.285774410774411e-4
2020,2020-06-12,50,15-30cm,2020_39,0.1151,475.2,2.422138047138047e-4
2020,2020-06-12,50,30-45cm,2020_39,0.0807,475.2,1.698232323232323e-4
2020,2020-06-12,50,45-60cm,2020_39,0.0217,475.2,4.5664983164983164e-5
2020,2020-06-12,50,0-15cm,2020_41,0.1163,475.2,2.4473905723905725e-4
2020,2020-06-12,50,15-30cm,2020_41,0.0316,475.2,6.64983164983165e-5
2020,2020-06-12,50,30-45cm,2020_41,0.0221,475.2,4.650673400673401e-5
2020,2020-06-12,50,45-60cm,2020_41,0.0049,475.2,1.0311447811447812e-5
2020,2020-06-12,50,0-15cm,2020_44,0.0614,475.2,1.2920875420875422e-4
2020,2020-06-12,50,15-30cm,2020_44,0.0205,475.2,4.3139730639730644e-5
2020,2020-06-12,50,30-45cm,2020_44,0.0171,475.2,3.598484848484849e-5
2020,2020-06-12,50,45-60cm,2020_44,0.0077,475.2,1.6203703703703704e-5
2020,2020-06-30,68,0-15cm,2020_13,0.0598,475.2,1.2584175084175085e-4
2020,2020-06-30,68,15-30cm,2020_13,0.0461,475.2,9.701178451178452e-5
2020,2020-06-30,68,30-45cm,2020_13,0.0212,475.2,4.4612794612794616e-5
2020,2020-06-30,68,45-60cm,2020_13,0.0053,475.2,1.1153198653198654e-5
2020,2020-06-30,68,0-15cm,2020_17,0.0371,475.2,7.807239057239057e-5
2020,2020-06-30,68,15-30cm,2020_17,0.0493,475.2,1.0374579124579124e-4
2020,2020-06-30,68,30-45cm,2020_17,0.0118,475.2,2.483164983164983e-5
2020,2020-06-30,68,45-60cm,2020_17,0.0085,475.2,1.788720538720539e-5
2020,2020-06-30,68,0-15cm,2020_22,0.0727,475.2,1.529882154882155e-4
2020,2020-06-30,68,15-30cm,2020_22,0.0378,475.2,7.954545454545455e-5
2020,2020-06-30,68,30-45cm,2020_22,0.0186,475.2,3.914141414141414e-5
2020,2020-06-30,68,45-60cm,2020_22,0.0076,475.2,1.5993265993265995e-5
2020,2020-06-30,68,0-15cm,2020_24,0.0715,475.2,1.5046296296296295e-4
2020,2020-06-30,68,15-30cm,2020_24,0.0621,475.2,1.306818181818182e-4
2020,2020-06-30,68,30-45cm,2020_24,0.0336,475.2,7.07070707070707e-5
2020,2020-06-30,68,45-60cm,2020_24,0.0585,475.2,1.231060606060606e-4
2020,2020-06-30,68,0-15cm,2020_34,0.0672,475.2,1.414141414141414e-4
2020,2020-06-30,68,15-30cm,2020_34,0.0492,475.2,1.0353535353535354e-4
2020,2020-06-30,68,30-45cm,2020_34,0.0282,475.2,5.9343434343434345e-5
2020,2020-06-30,68,45-60cm,2020_34,0.0142,475.2,2.9882154882154885e-5
2020,2020-06-30,68,0-15cm,2020_39,0.1022,475.2,2.1506734006734006e-4
2020,2020-06-30,68,15-30cm,2020_39,0.0749,475.2,1.5761784511784512e-4
2020,2020-06-30,68,30-45cm,2020_39,0.0454,475.2,9.553872053872055e-5
2020,2020-06-30,68,45-60cm,2020_39,0.0172,475.2,3.6195286195286194e-5
2020,2020-06-30,68,0-15cm,2020_41,0.1006,475.2,2.117003367003367e-4
2020,2020-06-30,68,15-30cm,2020_41,0.1466,475.2,3.085016835016835e-4
2020,2020-06-30,68,30-45cm,2020_41,0.0374,475.2,7.870370370370372e-5
2020,2020-06-30,68,45-60cm,2020_41,0.04,475.2,8.417508417508418e-5
2020,2020-06-30,68,0-15cm,2020_44,0.0817,475.2,1.7192760942760942e-4
2020,2020-06-30,68,15-30cm,2020_44,0.053900000000000003,475.2,1.1342592592592593e-4
2020,2020-06-30,68,30-45cm,2020_44,0.0208,475.2,4.377104377104377e-5
2020,2020-06-30,68,45-60cm,2020_44,0.0227,475.2,4.776936026936027e-5
2020,2020-07-28,96,0-15cm,2020_13,0.1069,475.2,2.2495791245791244e-4
2020,2020-07-28,96,15-30cm,2020_13,0.0415,475.2,8.733164983164984e-5
2020,2020-07-28,96,30-45cm,2020_13,0.0202,475.2,4.250841750841751e-5
2020,2020-07-28,96,45-60cm,2020_13,0.0371,475.2,7.807239057239057e-5
2020,2020-07-28,96,0-15cm,2020_17,0.0613,475.2,1.289983164983165e-4
2020,2020-07-28,96,15-30cm,2020_17,0.0682,475.2,1.4351851851851852e-4
2020,2020-07-28,96,30-45cm,2020_17,0.0168,475.2,3.535353535353535e-5
2020,2020-07-28,96,45-60cm,2020_17,0.0185,475.2,3.893097643097643e-5
2020,2020-07-28,96,0-15cm,2020_22,0.4597,475.2,9.673821548821549e-4
2020,2020-07-28,96,15-30cm,2020_22,0.0494,475.2,1.0395622895622895e-4
2020,2020-07-28,96,30-45cm,2020_22,0.0101,475.2,2.1254208754208754e-5
2020,2020-07-28,96,45-60cm,2020_22,0.0053,475.2,1.1153198653198654e-5
2020,2020-07-28,96,0-15cm,2020_24,0.0678,475.2,1.4267676767676767e-4
2020,2020-07-28,96,15-30cm,2020_24,0.1057,475.2,2.2243265993265995e-4
2020,2020-07-28,96,30-45cm,2020_24,0.1038,475.2,2.1843434343434345e-4
2020,2020-07-28,96,45-60cm,2020_24,0.0542,475.2,1.1405723905723906e-4
2020,2020-07-28,96,0-15cm,2020_34,0.1349,475.2,2.8388047138047136e-4
2020,2020-07-28,96,15-30cm,2020_34,0.0709,475.2,1.4920033670033671e-4
2020,2020-07-28,96,30-45cm,2020_34,0.0759,475.2,1.597222222222222e-4
2020,2020-07-28,96,45-60cm,2020_34,0.0375,475.2,7.891414141414141e-5
2020,2020-07-28,96,0-15cm,2020_39,0.0727,475.2,1.529882154882155e-4
2020,2020-07-28,96,15-30cm,2020_39,0.482,475.2,0.0010143097643097643
2020,2020-07-28,96,30-45cm,2020_39,0.1047,475.2,2.2032828282828284e-4
2020,2020-07-28,96,45-60cm,2020_39,0.1194,475.2,2.5126262626262627e-4
2020,2020-07-28,96,0-15cm,2020_41,0.211,475.2,4.4402356902356903e-4
2020,2020-07-28,96,15-30cm,2020_41,0.083,475.2,1.7466329966329969e-4
2020,2020-07-28,96,30-45cm,2020_41,0.0435,475.2,9.154040404040403e-5
2020,2020-07-28,96,45-60cm,2020_41,0.0353,475.2,7.428451178451178e-5
2020,2020-07-28,96,0-15cm,2020_44,0.1309,475.2,2.754629629629629e-4
2020,2020-07-28,96,15-30cm,2020_44,0.0502,475.2,1.0563973063973065e-4
2020,2020-07-28,96,30-45cm,2020_44,0.0405,475.2,8.522727272727273e-5
2020,2020-07-28,96,45-60cm,2020_44,0.0284,475.2,5.976430976430977e-5
2020,2020-08-18,117,0-15cm,2020_13,0.1052,475.2,2.2138047138047138e-4
2020,2020-08-18,117,15-30cm,2020_13,0.1175,475.2,2.4726430976430977e-4
2020,2020-08-18,117,30-45cm,2020_13,0.0375,475.2,7.891414141414141e-5
2020,2020-08-18,117,45-60cm,2020_13,0.0377,475.2,7.933501683501683e-5
2020,2020-08-18,117,0-15cm,2020_17,0.0836,475.2,1.7592592592592592e-4
2020,2020-08-18,117,15-30cm,2020_17,0.2023,475.2,4.2571548821548823e-4
2020,2020-08-18,117,30-45cm,2020_17,0.0295,475.2,6.207912457912458e-5
2020,2020-08-18,117,45-60cm,2020_17,0.0121,475.2,2.546296296296296e-5
2020,2020-08-18,117,0-15cm,2020_22,0.0385,475.2,8.101851851851852e-5
2020,2020-08-18,117,15-30cm,2020_22,NA,NA,0
2020,2020-08-18,117,30-45cm,2020_22,NA,NA,0
2020,2020-08-18,117,45-60cm,2020_22,NA,NA,0
2020,2020-08-18,117,0-15cm,2020_24,0.2688,475.2,5.656565656565656e-4
2020,2020-08-18,117,15-30cm,2020_24,0.0462,475.2,9.722222222222222e-5
2020,2020-08-18,117,30-45cm,2020_24,0.0868,475.2,1.8265993265993266e-4
2020,2020-08-18,117,45-60cm,2020_24,0.0223,475.2,4.692760942760943e-5
2020,2020-08-18,117,0-15cm,2020_34,0.1132,475.2,2.382154882154882e-4
2020,2020-08-18,117,15-30cm,2020_34,0.052,475.2,1.0942760942760942e-4
2020,2020-08-18,117,30-45cm,2020_34,0.0519,475.2,1.0921717171717173e-4
2020,2020-08-18,117,45-60cm,2020_34,0.0157,475.2,3.303872053872054e-5
2020,2020-08-18,117,0-15cm,2020_39,0.0981,475.2,2.0643939393939396e-4
2020,2020-08-18,117,15-30cm,2020_39,0.0301,475.2,6.334175084175084e-5
2020,2020-08-18,117,30-45cm,2020_39,0.0292,475.2,6.144781144781145e-5
2020,2020-08-18,117,45-60cm,2020_39,0.0234,475.2,4.9242424242424245e-5
2020,2020-08-18,117,0-15cm,2020_41,0.1021,475.2,2.1485690235690237e-4
2020,2020-08-18,117,15-30cm,2020_41,0.0921,475.2,1.9381313131313133e-4
2020,2020-08-18,117,30-45cm,2020_41,0.0346,475.2,7.281144781144781e-5
2020,2020-08-18,117,45-60cm,2020_41,0.0224,475.2,4.7138047138047136e-5
2020,2020-08-18,117,0-15cm,2020_44,0.1104,475.2,2.323232323232323e-4
2020,2020-08-18,117,15-30cm,2020_44,0.1047,475.2,2.2032828282828284e-4
2020,2020-08-18,117,30-45cm,2020_44,0.0566,475.2,1.191077441077441e-4
2020,2020-08-18,117,45-60cm,2020_44,0.0408,475.2,8.585858585858586e-5
