year,date,doy,plot_id,organ,mass_g,mass_gpl
2018,2018-04-23,113,2018_13,ear,0,0
2018,2018-04-23,113,2018_13,leaf,0,0
2018,2018-04-23,113,2018_13,plant,0,0
2018,2018-04-23,113,2018_13,stemtasshusk,0,0
2018,2018-04-23,113,2018_18,ear,0,0
2018,2018-04-23,113,2018_18,leaf,0,0
2018,2018-04-23,113,2018_18,plant,0,0
2018,2018-04-23,113,2018_18,stemtasshusk,0,0
2018,2018-04-23,113,2018_24,ear,0,0
2018,2018-04-23,113,2018_24,leaf,0,0
2018,2018-04-23,113,2018_24,plant,0,0
2018,2018-04-23,113,2018_24,stemtasshusk,0,0
2018,2018-04-23,113,2018_28,ear,0,0
2018,2018-04-23,113,2018_28,leaf,0,0
2018,2018-04-23,113,2018_28,plant,0,0
2018,2018-04-23,113,2018_28,stemtasshusk,0,0
2018,2018-04-23,113,2018_34,ear,0,0
2018,2018-04-23,113,2018_34,leaf,0,0
2018,2018-04-23,113,2018_34,plant,0,0
2018,2018-04-23,113,2018_34,stemtasshusk,0,0
2018,2018-04-23,113,2018_37,ear,0,0
2018,2018-04-23,113,2018_37,leaf,0,0
2018,2018-04-23,113,2018_37,plant,0,0
2018,2018-04-23,113,2018_37,stemtasshusk,0,0
2018,2018-04-23,113,2018_44,ear,0,0
2018,2018-04-23,113,2018_44,leaf,0,0
2018,2018-04-23,113,2018_44,plant,0,0
2018,2018-04-23,113,2018_44,stemtasshusk,0,0
2018,2018-04-23,113,2018_46,ear,0,0
2018,2018-04-23,113,2018_46,leaf,0,0
2018,2018-04-23,113,2018_46,plant,0,0
2018,2018-04-23,113,2018_46,stemtasshusk,0,0
2018,2018-06-01,152,2018_13,ear,0,0
2018,2018-06-01,152,2018_13,leaf,9.94,1.2425
2018,2018-06-01,152,2018_13,plant,15.899999999999999,1.9874999999999998
2018,2018-06-01,152,2018_13,stemtasshusk,5.96,0.745
2018,2018-06-01,152,2018_18,ear,0,0
2018,2018-06-01,152,2018_18,leaf,10.86,1.8099999999999998
2018,2018-06-01,152,2018_18,plant,17.56,2.9266666666666663
2018,2018-06-01,152,2018_18,stemtasshusk,6.7,1.1166666666666667
2018,2018-06-01,152,2018_24,ear,0,0
2018,2018-06-01,152,2018_24,leaf,14.15,2.0214285714285714
2018,2018-06-01,152,2018_24,plant,25.21,3.6014285714285714
2018,2018-06-01,152,2018_24,stemtasshusk,11.06,1.58
2018,2018-06-01,152,2018_28,ear,0,0
2018,2018-06-01,152,2018_28,leaf,12.99,1.62375
2018,2018-06-01,152,2018_28,plant,22.68,2.835
2018,2018-06-01,152,2018_28,stemtasshusk,9.69,1.21125
2018,2018-06-01,152,2018_34,ear,0,0
2018,2018-06-01,152,2018_34,leaf,7.87,0.98375
2018,2018-06-01,152,2018_34,plant,13.01,1.62625
2018,2018-06-01,152,2018_34,stemtasshusk,5.14,0.6425
2018,2018-06-01,152,2018_37,ear,0,0
2018,2018-06-01,152,2018_37,leaf,13.3,1.9000000000000001
2018,2018-06-01,152,2018_37,plant,22.51,3.2157142857142857
2018,2018-06-01,152,2018_37,stemtasshusk,9.21,1.3157142857142858
2018,2018-06-01,152,2018_44,ear,0,0
2018,2018-06-01,152,2018_44,leaf,14.35,1.79375
2018,2018-06-01,152,2018_44,plant,22.84,2.855
2018,2018-06-01,152,2018_44,stemtasshusk,8.49,1.06125
2018,2018-06-01,152,2018_46,ear,0,0
2018,2018-06-01,152,2018_46,leaf,14.45,1.80625
2018,2018-06-01,152,2018_46,plant,22.97,2.87125
2018,2018-06-01,152,2018_46,stemtasshusk,8.52,1.065
2018,2018-06-18,169,2018_13,ear,0,0
2018,2018-06-18,169,2018_13,leaf,189.9,23.7375
2018,2018-06-18,169,2018_13,plant,298,37.25
2018,2018-06-18,169,2018_13,stemtasshusk,108.1,13.5125
2018,2018-06-18,169,2018_18,ear,0,0
2018,2018-06-18,169,2018_18,leaf,166.9,20.8625
2018,2018-06-18,169,2018_18,plant,272.7,34.0875
2018,2018-06-18,169,2018_18,stemtasshusk,105.8,13.225
2018,2018-06-18,169,2018_24,ear,0,0
2018,2018-06-18,169,2018_24,leaf,159.6,19.95
2018,2018-06-18,169,2018_24,plant,273.9,34.2375
2018,2018-06-18,169,2018_24,stemtasshusk,114.3,14.2875
2018,2018-06-18,169,2018_28,ear,0,0
2018,2018-06-18,169,2018_28,leaf,168.9,21.1125
2018,2018-06-18,169,2018_28,plant,275.8,34.475
2018,2018-06-18,169,2018_28,stemtasshusk,106.9,13.3625
2018,2018-06-18,169,2018_34,ear,0,0
2018,2018-06-18,169,2018_34,leaf,136.4,17.05
2018,2018-06-18,169,2018_34,plant,230.3,28.7875
2018,2018-06-18,169,2018_34,stemtasshusk,93.9,11.7375
2018,2018-06-18,169,2018_37,ear,0,0
2018,2018-06-18,169,2018_37,leaf,168,21
2018,2018-06-18,169,2018_37,plant,283.5,35.4375
2018,2018-06-18,169,2018_37,stemtasshusk,115.5,14.4375
2018,2018-06-18,169,2018_44,ear,0,0
2018,2018-06-18,169,2018_44,leaf,125.5,15.6875
2018,2018-06-18,169,2018_44,plant,202.4,25.3
2018,2018-06-18,169,2018_44,stemtasshusk,76.9,9.6125
2018,2018-06-18,169,2018_46,ear,0,0
2018,2018-06-18,169,2018_46,leaf,168.2,21.025
2018,2018-06-18,169,2018_46,plant,278.1,34.7625
2018,2018-06-18,169,2018_46,stemtasshusk,109.9,13.7375
2018,2018-07-03,184,2018_13,ear,4.93,0.61625
2018,2018-07-03,184,2018_13,leaf,307.94,38.4925
2018,2018-07-03,184,2018_13,plant,680.8599999999999,85.10749999999999
2018,2018-07-03,184,2018_13,stemtasshusk,367.98999999999995,45.998749999999994
2018,2018-07-03,184,2018_18,ear,1.85,0.23125
2018,2018-07-03,184,2018_18,leaf,348.41999999999996,43.552499999999995
2018,2018-07-03,184,2018_18,plant,771.86,96.4825
2018,2018-07-03,184,2018_18,stemtasshusk,421.59,52.69875
2018,2018-07-03,184,2018_24,ear,3.8,0.475
2018,2018-07-03,184,2018_24,leaf,350.38,43.7975
2018,2018-07-03,184,2018_24,plant,774.97,96.87125
2018,2018-07-03,184,2018_24,stemtasshusk,420.79,52.59875
2018,2018-07-03,184,2018_28,ear,9.5,1.1875
2018,2018-07-03,184,2018_28,leaf,336.6,42.075
2018,2018-07-03,184,2018_28,plant,735.2,91.9
2018,2018-07-03,184,2018_28,stemtasshusk,389.1,48.6375
2018,2018-07-03,184,2018_34,ear,4.92,0.615
2018,2018-07-03,184,2018_34,leaf,339.45,42.43125
2018,2018-07-03,184,2018_34,plant,745.4599999999999,93.18249999999999
2018,2018-07-03,184,2018_34,stemtasshusk,401.09000000000003,50.136250000000004
2018,2018-07-03,184,2018_37,ear,12.68,1.585
2018,2018-07-03,184,2018_37,leaf,341.70000000000005,42.712500000000006
2018,2018-07-03,184,2018_37,plant,761.72,95.215
2018,2018-07-03,184,2018_37,stemtasshusk,407.34000000000003,50.917500000000004
2018,2018-07-03,184,2018_44,ear,7.33,0.91625
2018,2018-07-03,184,2018_44,leaf,341.99,42.74875
2018,2018-07-03,184,2018_44,plant,789.19,98.64875
2018,2018-07-03,184,2018_44,stemtasshusk,439.87,54.98375
2018,2018-07-03,184,2018_46,ear,5.16,0.645
2018,2018-07-03,184,2018_46,leaf,311.93,38.99125
2018,2018-07-03,184,2018_46,plant,666.2499999999999,83.28124999999999
2018,2018-07-03,184,2018_46,stemtasshusk,349.15999999999997,43.644999999999996
2018,2018-07-17,198,2018_13,ear,223.6,24.844444444444445
2018,2018-07-17,198,2018_13,leaf,306.3,34.03333333333333
2018,2018-07-17,198,2018_13,plant,1265.1999999999998,140.57777777777775
2018,2018-07-17,198,2018_13,stemtasshusk,735.3,81.69999999999999
2018,2018-07-17,198,2018_18,ear,244.2,27.133333333333333
2018,2018-07-17,198,2018_18,leaf,320.79999999999995,35.64444444444444
2018,2018-07-17,198,2018_18,plant,1263.3999999999999,140.37777777777777
2018,2018-07-17,198,2018_18,stemtasshusk,698.4,77.6
2018,2018-07-17,198,2018_24,ear,237.6,26.4
2018,2018-07-17,198,2018_24,leaf,358.29999999999995,39.8111111111111
2018,2018-07-17,198,2018_24,plant,1355.8999999999999,150.65555555555554
2018,2018-07-17,198,2018_24,stemtasshusk,760,84.44444444444444
2018,2018-07-17,198,2018_28,ear,367.9,40.87777777777777
2018,2018-07-17,198,2018_28,leaf,349.09999999999997,38.788888888888884
2018,2018-07-17,198,2018_28,plant,1495.7999999999997,166.19999999999996
2018,2018-07-17,198,2018_28,stemtasshusk,778.8,86.53333333333333
2018,2018-07-17,198,2018_34,ear,229.6,25.51111111111111
2018,2018-07-17,198,2018_34,leaf,333.2,37.02222222222222
2018,2018-07-17,198,2018_34,plant,1309.1,145.45555555555555
2018,2018-07-17,198,2018_34,stemtasshusk,746.3,82.92222222222222
2018,2018-07-17,198,2018_37,ear,220.8,31.542857142857144
2018,2018-07-17,198,2018_37,leaf,258.3,36.9
2018,2018-07-17,198,2018_37,plant,990.3,141.47142857142856
2018,2018-07-17,198,2018_37,stemtasshusk,511.2,73.02857142857142
2018,2018-07-17,198,2018_44,ear,193.9,24.2375
2018,2018-07-17,198,2018_44,leaf,284.8,35.6
2018,2018-07-17,198,2018_44,plant,1130.9,141.3625
2018,2018-07-17,198,2018_44,stemtasshusk,652.2,81.525
2018,2018-07-17,198,2018_46,ear,249.7,31.2125
2018,2018-07-17,198,2018_46,leaf,328.20000000000005,41.025000000000006
2018,2018-07-17,198,2018_46,plant,1258,157.25
2018,2018-07-17,198,2018_46,stemtasshusk,680.1,85.0125
2018,2018-09-27,270,2018_13,ear,958,119.75
2018,2018-09-27,270,2018_13,leaf,197.8,24.725
2018,2018-09-27,270,2018_13,plant,1631.4,203.925
2018,2018-09-27,270,2018_13,stemtasshusk,475.6,59.45
2018,2018-09-27,270,2018_18,ear,1333.2,166.65
2018,2018-09-27,270,2018_18,leaf,233.1,29.1375
2018,2018-09-27,270,2018_18,plant,2080.4,260.05
2018,2018-09-27,270,2018_18,stemtasshusk,514.1,64.2625
2018,2018-09-27,270,2018_24,ear,1183.5,147.9375
2018,2018-09-27,270,2018_24,leaf,221,27.625
2018,2018-09-27,270,2018_24,plant,1975.6999999999998,246.96249999999998
2018,2018-09-27,270,2018_24,stemtasshusk,571.1999999999999,71.39999999999999
2018,2018-09-27,270,2018_28,ear,1647.3,205.9125
2018,2018-09-27,270,2018_28,leaf,217.5,27.1875
2018,2018-09-27,270,2018_28,plant,2446.2,305.775
2018,2018-09-27,270,2018_28,stemtasshusk,581.4,72.675
2018,2018-09-27,270,2018_34,ear,1207.1,150.8875
2018,2018-09-27,270,2018_34,leaf,231,28.875
2018,2018-09-27,270,2018_34,plant,1967.1,245.8875
2018,2018-09-27,270,2018_34,stemtasshusk,529,66.125
2018,2018-09-27,270,2018_37,ear,1515.5,189.4375
2018,2018-09-27,270,2018_37,leaf,232.5,29.0625
2018,2018-09-27,270,2018_37,plant,2308.2,288.525
2018,2018-09-27,270,2018_37,stemtasshusk,560.2,70.025
2018,2018-09-27,270,2018_44,ear,1271.9,158.9875
2018,2018-09-27,270,2018_44,leaf,243.5,30.4375
2018,2018-09-27,270,2018_44,plant,2039.4,254.925
2018,2018-09-27,270,2018_44,stemtasshusk,524,65.5
2018,2018-09-27,270,2018_46,ear,1461.2,182.65
2018,2018-09-27,270,2018_46,leaf,251.3,31.4125
2018,2018-09-27,270,2018_46,plant,2288.2,286.025
2018,2018-09-27,270,2018_46,stemtasshusk,575.7,71.9625
2019,2019-06-03,154,2019_12,ear,0,0
2019,2019-06-03,154,2019_12,leaf,0,0
2019,2019-06-03,154,2019_12,plant,0,0
2019,2019-06-03,154,2019_12,stemtasshusk,0,0
2019,2019-06-03,154,2019_19,ear,0,0
2019,2019-06-03,154,2019_19,leaf,0,0
2019,2019-06-03,154,2019_19,plant,0,0
2019,2019-06-03,154,2019_19,stemtasshusk,0,0
2019,2019-06-03,154,2019_21,ear,0,0
2019,2019-06-03,154,2019_21,leaf,0,0
2019,2019-06-03,154,2019_21,plant,0,0
2019,2019-06-03,154,2019_21,stemtasshusk,0,0
2019,2019-06-03,154,2019_27,ear,0,0
2019,2019-06-03,154,2019_27,leaf,0,0
2019,2019-06-03,154,2019_27,plant,0,0
2019,2019-06-03,154,2019_27,stemtasshusk,0,0
2019,2019-06-03,154,2019_31,ear,0,0
2019,2019-06-03,154,2019_31,leaf,0,0
2019,2019-06-03,154,2019_31,plant,0,0
2019,2019-06-03,154,2019_31,stemtasshusk,0,0
2019,2019-06-03,154,2019_35,ear,0,0
2019,2019-06-03,154,2019_35,leaf,0,0
2019,2019-06-03,154,2019_35,plant,0,0
2019,2019-06-03,154,2019_35,stemtasshusk,0,0
2019,2019-06-03,154,2019_43,ear,0,0
2019,2019-06-03,154,2019_43,leaf,0,0
2019,2019-06-03,154,2019_43,plant,0,0
2019,2019-06-03,154,2019_43,stemtasshusk,0,0
2019,2019-06-03,154,2019_45,ear,0,0
2019,2019-06-03,154,2019_45,leaf,0,0
2019,2019-06-03,154,2019_45,plant,0,0
2019,2019-06-03,154,2019_45,stemtasshusk,0,0
2019,2019-06-25,176,2019_12,ear,0,0
2019,2019-06-25,176,2019_12,leaf,10.299999999999997,1.2874999999999996
2019,2019-06-25,176,2019_12,plant,18.299999999999997,2.2874999999999996
2019,2019-06-25,176,2019_12,stemtasshusk,8,1
2019,2019-06-25,176,2019_19,ear,0,0
2019,2019-06-25,176,2019_19,leaf,6.200000000000003,0.7750000000000004
2019,2019-06-25,176,2019_19,plant,11.000000000000002,1.3750000000000002
2019,2019-06-25,176,2019_19,stemtasshusk,4.799999999999999,0.5999999999999999
2019,2019-06-25,176,2019_21,ear,0,0
2019,2019-06-25,176,2019_21,leaf,10.299999999999997,1.2874999999999996
2019,2019-06-25,176,2019_21,plant,21.999999999999996,2.7499999999999996
2019,2019-06-25,176,2019_21,stemtasshusk,11.7,1.4625
2019,2019-06-25,176,2019_27,ear,0,0
2019,2019-06-25,176,2019_27,leaf,8.100000000000001,1.0125000000000002
2019,2019-06-25,176,2019_27,plant,15.200000000000001,1.9000000000000001
2019,2019-06-25,176,2019_27,stemtasshusk,7.1,0.8875
2019,2019-06-25,176,2019_31,ear,0,0
2019,2019-06-25,176,2019_31,leaf,7.799999999999997,0.9749999999999996
2019,2019-06-25,176,2019_31,plant,14.999999999999996,1.8749999999999996
2019,2019-06-25,176,2019_31,stemtasshusk,7.199999999999999,0.8999999999999999
2019,2019-06-25,176,2019_35,ear,0,0
2019,2019-06-25,176,2019_35,leaf,7.299999999999997,0.9124999999999996
2019,2019-06-25,176,2019_35,plant,14.599999999999996,1.8249999999999995
2019,2019-06-25,176,2019_35,stemtasshusk,7.299999999999999,0.9124999999999999
2019,2019-06-25,176,2019_43,ear,0,0
2019,2019-06-25,176,2019_43,leaf,11,1.375
2019,2019-06-25,176,2019_43,plant,20.2,2.525
2019,2019-06-25,176,2019_43,stemtasshusk,9.2,1.15
2019,2019-06-25,176,2019_45,ear,0,0
2019,2019-06-25,176,2019_45,leaf,6.699999999999996,0.8374999999999995
2019,2019-06-25,176,2019_45,plant,11.299999999999997,1.4124999999999996
2019,2019-06-25,176,2019_45,stemtasshusk,4.6000000000000005,0.5750000000000001
2019,2019-07-02,183,2019_12,ear,0,0
2019,2019-07-02,183,2019_12,leaf,43,5.375
2019,2019-07-02,183,2019_12,plant,64.6,8.075
2019,2019-07-02,183,2019_12,stemtasshusk,21.6,2.7
2019,2019-07-02,183,2019_19,ear,0,0
2019,2019-07-02,183,2019_19,leaf,56.6,7.075
2019,2019-07-02,183,2019_19,plant,87.4,10.925
2019,2019-07-02,183,2019_19,stemtasshusk,30.8,3.85
2019,2019-07-02,183,2019_21,ear,0,0
2019,2019-07-02,183,2019_21,leaf,64.7,8.0875
2019,2019-07-02,183,2019_21,plant,109,13.625
2019,2019-07-02,183,2019_21,stemtasshusk,44.3,5.5375
2019,2019-07-02,183,2019_27,ear,0,0
2019,2019-07-02,183,2019_27,leaf,44.5,5.5625
2019,2019-07-02,183,2019_27,plant,66.1,8.2625
2019,2019-07-02,183,2019_27,stemtasshusk,21.6,2.7
2019,2019-07-02,183,2019_31,ear,0,0
2019,2019-07-02,183,2019_31,leaf,56.2,7.025
2019,2019-07-02,183,2019_31,plant,76.9,9.6125
2019,2019-07-02,183,2019_31,stemtasshusk,20.7,2.5875
2019,2019-07-02,183,2019_35,ear,0,0
2019,2019-07-02,183,2019_35,leaf,46.2,5.775
2019,2019-07-02,183,2019_35,plant,68.7,8.5875
2019,2019-07-02,183,2019_35,stemtasshusk,22.5,2.8125
2019,2019-07-02,183,2019_43,ear,0,0
2019,2019-07-02,183,2019_43,leaf,57.9,7.2375
2019,2019-07-02,183,2019_43,plant,85.6,10.7
2019,2019-07-02,183,2019_43,stemtasshusk,27.7,3.4625
2019,2019-07-02,183,2019_45,ear,0,0
2019,2019-07-02,183,2019_45,leaf,40.9,5.1125
2019,2019-07-02,183,2019_45,plant,61.599999999999994,7.699999999999999
2019,2019-07-02,183,2019_45,stemtasshusk,20.7,2.5875
2019,2019-07-15,196,2019_12,ear,0,0
2019,2019-07-15,196,2019_12,leaf,172.67,21.58375
2019,2019-07-15,196,2019_12,plant,386.71,48.33875
2019,2019-07-15,196,2019_12,stemtasshusk,214.04,26.755
2019,2019-07-15,196,2019_19,ear,0,0
2019,2019-07-15,196,2019_19,leaf,152.72,19.09
2019,2019-07-15,196,2019_19,plant,374.13,46.76625
2019,2019-07-15,196,2019_19,stemtasshusk,221.41,27.67625
2019,2019-07-15,196,2019_21,ear,0,0
2019,2019-07-15,196,2019_21,leaf,148.97,18.62125
2019,2019-07-15,196,2019_21,plant,387.88,48.485
2019,2019-07-15,196,2019_21,stemtasshusk,238.91,29.86375
2019,2019-07-15,196,2019_27,ear,0,0
2019,2019-07-15,196,2019_27,leaf,181.32,22.665
2019,2019-07-15,196,2019_27,plant,502.21999999999997,62.777499999999996
2019,2019-07-15,196,2019_27,stemtasshusk,320.9,40.1125
2019,2019-07-15,196,2019_31,ear,0,0
2019,2019-07-15,196,2019_31,leaf,132.96,16.62
2019,2019-07-15,196,2019_31,plant,257.93,32.24125
2019,2019-07-15,196,2019_31,stemtasshusk,124.97,15.62125
2019,2019-07-15,196,2019_35,ear,0,0
2019,2019-07-15,196,2019_35,leaf,179.42,22.4275
2019,2019-07-15,196,2019_35,plant,357.27,44.65875
2019,2019-07-15,196,2019_35,stemtasshusk,177.85,22.23125
2019,2019-07-15,196,2019_43,ear,0,0
2019,2019-07-15,196,2019_43,leaf,149.6,18.7
2019,2019-07-15,196,2019_43,plant,321.5,40.1875
2019,2019-07-15,196,2019_43,stemtasshusk,171.9,21.4875
2019,2019-07-15,196,2019_45,ear,0,0
2019,2019-07-15,196,2019_45,leaf,179.92,22.49
2019,2019-07-15,196,2019_45,plant,487.35,60.91875
2019,2019-07-15,196,2019_45,stemtasshusk,307.43,38.42875
2019,2019-07-24,205,2019_12,ear,0,0
2019,2019-07-24,205,2019_12,leaf,335,41.875
2019,2019-07-24,205,2019_12,plant,1104,138
2019,2019-07-24,205,2019_12,stemtasshusk,769,96.125
2019,2019-07-24,205,2019_19,ear,0,0
2019,2019-07-24,205,2019_19,leaf,299,37.375
2019,2019-07-24,205,2019_19,plant,911,113.875
2019,2019-07-24,205,2019_19,stemtasshusk,612,76.5
2019,2019-07-24,205,2019_21,ear,0,0
2019,2019-07-24,205,2019_21,leaf,294,36.75
2019,2019-07-24,205,2019_21,plant,837,104.625
2019,2019-07-24,205,2019_21,stemtasshusk,543,67.875
2019,2019-07-24,205,2019_27,ear,0,0
2019,2019-07-24,205,2019_27,leaf,311,38.875
2019,2019-07-24,205,2019_27,plant,1143,142.875
2019,2019-07-24,205,2019_27,stemtasshusk,832,104
2019,2019-07-24,205,2019_31,ear,0,0
2019,2019-07-24,205,2019_31,leaf,294,36.75
2019,2019-07-24,205,2019_31,plant,1164,145.5
2019,2019-07-24,205,2019_31,stemtasshusk,870,108.75
2019,2019-07-24,205,2019_35,ear,0,0
2019,2019-07-24,205,2019_35,leaf,266,33.25
2019,2019-07-24,205,2019_35,plant,848,106
2019,2019-07-24,205,2019_35,stemtasshusk,582,72.75
2019,2019-07-24,205,2019_43,ear,0,0
2019,2019-07-24,205,2019_43,leaf,325,40.625
2019,2019-07-24,205,2019_43,plant,1052,131.5
2019,2019-07-24,205,2019_43,stemtasshusk,727,90.875
2019,2019-07-24,205,2019_45,ear,0,0
2019,2019-07-24,205,2019_45,leaf,279,34.875
2019,2019-07-24,205,2019_45,plant,1023,127.875
2019,2019-07-24,205,2019_45,stemtasshusk,744,93
2019,2019-08-01,213,2019_12,ear,28,3.5
2019,2019-08-01,213,2019_12,leaf,263,32.875
2019,2019-08-01,213,2019_12,plant,833,104.125
2019,2019-08-01,213,2019_12,stemtasshusk,542,67.75
2019,2019-08-01,213,2019_19,ear,71.5,8.9375
2019,2019-08-01,213,2019_19,leaf,313,39.125
2019,2019-08-01,213,2019_19,plant,1031,128.875
2019,2019-08-01,213,2019_19,stemtasshusk,646.5,80.8125
2019,2019-08-01,213,2019_21,ear,90,11.25
2019,2019-08-01,213,2019_21,leaf,273,34.125
2019,2019-08-01,213,2019_21,plant,1147.5,143.4375
2019,2019-08-01,213,2019_21,stemtasshusk,784.5,98.0625
2019,2019-08-01,213,2019_27,ear,49,6.125
2019,2019-08-01,213,2019_27,leaf,306.5,38.3125
2019,2019-08-01,213,2019_27,plant,938.5,117.3125
2019,2019-08-01,213,2019_27,stemtasshusk,583,72.875
2019,2019-08-01,213,2019_31,ear,86,10.75
2019,2019-08-01,213,2019_31,leaf,342,42.75
2019,2019-08-01,213,2019_31,plant,1082.5,135.3125
2019,2019-08-01,213,2019_31,stemtasshusk,654.5,81.8125
2019,2019-08-01,213,2019_35,ear,74,9.25
2019,2019-08-01,213,2019_35,leaf,320,40
2019,2019-08-01,213,2019_35,plant,1113,139.125
2019,2019-08-01,213,2019_35,stemtasshusk,719,89.875
2019,2019-08-01,213,2019_43,ear,42,5.25
2019,2019-08-01,213,2019_43,leaf,321,40.125
2019,2019-08-01,213,2019_43,plant,989,123.625
2019,2019-08-01,213,2019_43,stemtasshusk,626,78.25
2019,2019-08-01,213,2019_45,ear,91,11.375
2019,2019-08-01,213,2019_45,leaf,354.5,44.3125
2019,2019-08-01,213,2019_45,plant,1156,144.5
2019,2019-08-01,213,2019_45,stemtasshusk,710.5,88.8125
2019,2019-08-19,231,2019_12,ear,543,67.875
2019,2019-08-19,231,2019_12,leaf,371,46.375
2019,2019-08-19,231,2019_12,plant,1762,220.25
2019,2019-08-19,231,2019_12,stemtasshusk,848,106
2019,2019-08-19,231,2019_19,ear,566,70.75
2019,2019-08-19,231,2019_19,leaf,336,42
2019,2019-08-19,231,2019_19,plant,1746,218.25
2019,2019-08-19,231,2019_19,stemtasshusk,844,105.5
2019,2019-08-19,231,2019_21,ear,312,39
2019,2019-08-19,231,2019_21,leaf,246,30.75
2019,2019-08-19,231,2019_21,plant,1176,147
2019,2019-08-19,231,2019_21,stemtasshusk,618,77.25
2019,2019-08-19,231,2019_27,ear,429,53.625
2019,2019-08-19,231,2019_27,leaf,323,40.375
2019,2019-08-19,231,2019_27,plant,1498,187.25
2019,2019-08-19,231,2019_27,stemtasshusk,746,93.25
2019,2019-08-19,231,2019_31,ear,467,58.375
2019,2019-08-19,231,2019_31,leaf,314,39.25
2019,2019-08-19,231,2019_31,plant,1567,195.875
2019,2019-08-19,231,2019_31,stemtasshusk,786,98.25
2019,2019-08-19,231,2019_35,ear,601,75.125
2019,2019-08-19,231,2019_35,leaf,362,45.25
2019,2019-08-19,231,2019_35,plant,1849,231.125
2019,2019-08-19,231,2019_35,stemtasshusk,886,110.75
2019,2019-08-19,231,2019_43,ear,383,47.875
2019,2019-08-19,231,2019_43,leaf,363,45.375
2019,2019-08-19,231,2019_43,plant,1692,211.5
2019,2019-08-19,231,2019_43,stemtasshusk,946,118.25
2019,2019-08-19,231,2019_45,ear,505,63.125
2019,2019-08-19,231,2019_45,leaf,339,42.375
2019,2019-08-19,231,2019_45,plant,1658,207.25
2019,2019-08-19,231,2019_45,stemtasshusk,814,101.75
2019,2019-09-20,263,2019_12,ear,1280,160
2019,2019-09-20,263,2019_12,leaf,350,43.75
2019,2019-09-20,263,2019_12,plant,2298,287.25
2019,2019-09-20,263,2019_12,stemtasshusk,668,83.5
2019,2019-09-20,263,2019_19,ear,1391,173.875
2019,2019-09-20,263,2019_19,leaf,273,34.125
2019,2019-09-20,263,2019_19,plant,2366,295.75
2019,2019-09-20,263,2019_19,stemtasshusk,702,87.75
2019,2019-09-20,263,2019_21,ear,1260,157.5
2019,2019-09-20,263,2019_21,leaf,293,36.625
2019,2019-09-20,263,2019_21,plant,2206,275.75
2019,2019-09-20,263,2019_21,stemtasshusk,653,81.625
2019,2019-09-20,263,2019_27,ear,1482,185.25
2019,2019-09-20,263,2019_27,leaf,341,42.625
2019,2019-09-20,263,2019_27,plant,2528,316
2019,2019-09-20,263,2019_27,stemtasshusk,705,88.125
2019,2019-09-20,263,2019_31,ear,1380,172.5
2019,2019-09-20,263,2019_31,leaf,334,41.75
2019,2019-09-20,263,2019_31,plant,2354,294.25
2019,2019-09-20,263,2019_31,stemtasshusk,640,80
2019,2019-09-20,263,2019_35,ear,1400,175
2019,2019-09-20,263,2019_35,leaf,306,38.25
2019,2019-09-20,263,2019_35,plant,2390,298.75
2019,2019-09-20,263,2019_35,stemtasshusk,684,85.5
2019,2019-09-20,263,2019_43,ear,1505,188.125
2019,2019-09-20,263,2019_43,leaf,330,41.25
2019,2019-09-20,263,2019_43,plant,2486,310.75
2019,2019-09-20,263,2019_43,stemtasshusk,651,81.375
2019,2019-09-20,263,2019_45,ear,1577,197.125
2019,2019-09-20,263,2019_45,leaf,359,44.875
2019,2019-09-20,263,2019_45,plant,2651,331.375
2019,2019-09-20,263,2019_45,stemtasshusk,715,89.375
2019,2019-10-19,292,2019_12,ear,1824,228
2019,2019-10-19,292,2019_12,leaf,313,39.125
2019,2019-10-19,292,2019_12,plant,2602,325.25
2019,2019-10-19,292,2019_12,stemtasshusk,465,58.125
2019,2019-10-19,292,2019_19,ear,1775,221.875
2019,2019-10-19,292,2019_19,leaf,278,34.75
2019,2019-10-19,292,2019_19,plant,2520,315
2019,2019-10-19,292,2019_19,stemtasshusk,467,58.375
2019,2019-10-19,292,2019_21,ear,1594,199.25
2019,2019-10-19,292,2019_21,leaf,333,41.625
2019,2019-10-19,292,2019_21,plant,2443,305.375
2019,2019-10-19,292,2019_21,stemtasshusk,516,64.5
2019,2019-10-19,292,2019_27,ear,1572,196.5
2019,2019-10-19,292,2019_27,leaf,301,37.625
2019,2019-10-19,292,2019_27,plant,2345,293.125
2019,2019-10-19,292,2019_27,stemtasshusk,472,59
2019,2019-10-19,292,2019_31,ear,1699,212.375
2019,2019-10-19,292,2019_31,leaf,393,49.125
2019,2019-10-19,292,2019_31,plant,2562,320.25
2019,2019-10-19,292,2019_31,stemtasshusk,470,58.75
2019,2019-10-19,292,2019_35,ear,1564,195.5
2019,2019-10-19,292,2019_35,leaf,296,37
2019,2019-10-19,292,2019_35,plant,2336,292
2019,2019-10-19,292,2019_35,stemtasshusk,476,59.5
2019,2019-10-19,292,2019_43,ear,1645,205.625
2019,2019-10-19,292,2019_43,leaf,314,39.25
2019,2019-10-19,292,2019_43,plant,2413,301.625
2019,2019-10-19,292,2019_43,stemtasshusk,454,56.75
2019,2019-10-19,292,2019_45,ear,1908,238.5
2019,2019-10-19,292,2019_45,leaf,363,45.375
2019,2019-10-19,292,2019_45,plant,2782,347.75
2019,2019-10-19,292,2019_45,stemtasshusk,511,63.875
2020,2020-04-23,114,2020_13,ear,0,0
2020,2020-04-23,114,2020_13,leaf,0,0
2020,2020-04-23,114,2020_13,plant,0,0
2020,2020-04-23,114,2020_13,stemtasshusk,0,0
2020,2020-04-23,114,2020_17,ear,0,0
2020,2020-04-23,114,2020_17,leaf,0,0
2020,2020-04-23,114,2020_17,plant,0,0
2020,2020-04-23,114,2020_17,stemtasshusk,0,0
2020,2020-04-23,114,2020_22,ear,0,0
2020,2020-04-23,114,2020_22,leaf,0,0
2020,2020-04-23,114,2020_22,plant,0,0
2020,2020-04-23,114,2020_22,stemtasshusk,0,0
2020,2020-04-23,114,2020_24,ear,0,0
2020,2020-04-23,114,2020_24,leaf,0,0
2020,2020-04-23,114,2020_24,plant,0,0
2020,2020-04-23,114,2020_24,stemtasshusk,0,0
2020,2020-04-23,114,2020_34,ear,0,0
2020,2020-04-23,114,2020_34,leaf,0,0
2020,2020-04-23,114,2020_34,plant,0,0
2020,2020-04-23,114,2020_34,stemtasshusk,0,0
2020,2020-04-23,114,2020_39,ear,0,0
2020,2020-04-23,114,2020_39,leaf,0,0
2020,2020-04-23,114,2020_39,plant,0,0
2020,2020-04-23,114,2020_39,stemtasshusk,0,0
2020,2020-04-23,114,2020_41,ear,0,0
2020,2020-04-23,114,2020_41,leaf,0,0
2020,2020-04-23,114,2020_41,plant,0,0
2020,2020-04-23,114,2020_41,stemtasshusk,0,0
2020,2020-04-23,114,2020_44,ear,0,0
2020,2020-04-23,114,2020_44,leaf,0,0
2020,2020-04-23,114,2020_44,plant,0,0
2020,2020-04-23,114,2020_44,stemtasshusk,0,0
2020,2020-06-12,164,2020_13,ear,0,0
2020,2020-06-12,164,2020_13,leaf,90.08,11.26
2020,2020-06-12,164,2020_13,plant,90.08,11.26
2020,2020-06-12,164,2020_13,stemtasshusk,0,0
2020,2020-06-12,164,2020_17,ear,0,0
2020,2020-06-12,164,2020_17,leaf,106.23,13.27875
2020,2020-06-12,164,2020_17,plant,106.23,13.27875
2020,2020-06-12,164,2020_17,stemtasshusk,0,0
2020,2020-06-12,164,2020_22,ear,0,0
2020,2020-06-12,164,2020_22,leaf,74.59,9.32375
2020,2020-06-12,164,2020_22,plant,74.59,9.32375
2020,2020-06-12,164,2020_22,stemtasshusk,0,0
2020,2020-06-12,164,2020_24,ear,0,0
2020,2020-06-12,164,2020_24,leaf,81.88,10.235
2020,2020-06-12,164,2020_24,plant,81.88,10.235
2020,2020-06-12,164,2020_24,stemtasshusk,0,0
2020,2020-06-12,164,2020_34,ear,0,0
2020,2020-06-12,164,2020_34,leaf,80.25,10.03125
2020,2020-06-12,164,2020_34,plant,80.25,10.03125
2020,2020-06-12,164,2020_34,stemtasshusk,0,0
2020,2020-06-12,164,2020_39,ear,0,0
2020,2020-06-12,164,2020_39,leaf,74.19,9.27375
2020,2020-06-12,164,2020_39,plant,74.19,9.27375
2020,2020-06-12,164,2020_39,stemtasshusk,0,0
2020,2020-06-12,164,2020_41,ear,0,0
2020,2020-06-12,164,2020_41,leaf,74.15,9.26875
2020,2020-06-12,164,2020_41,plant,74.15,9.26875
2020,2020-06-12,164,2020_41,stemtasshusk,0,0
2020,2020-06-12,164,2020_44,ear,0,0
2020,2020-06-12,164,2020_44,leaf,65.15,8.14375
2020,2020-06-12,164,2020_44,plant,65.15,8.14375
2020,2020-06-12,164,2020_44,stemtasshusk,0,0
2020,2020-07-23,205,2020_13,ear,0,0
2020,2020-07-23,205,2020_13,leaf,278,34.75
2020,2020-07-23,205,2020_13,plant,1093,136.625
2020,2020-07-23,205,2020_13,stemtasshusk,815,101.875
2020,2020-07-23,205,2020_17,ear,0,0
2020,2020-07-23,205,2020_17,leaf,310,38.75
2020,2020-07-23,205,2020_17,plant,1244,155.5
2020,2020-07-23,205,2020_17,stemtasshusk,934,116.75
2020,2020-07-23,205,2020_22,ear,0,0
2020,2020-07-23,205,2020_22,leaf,302,37.75
2020,2020-07-23,205,2020_22,plant,1113,139.125
2020,2020-07-23,205,2020_22,stemtasshusk,811,101.375
2020,2020-07-23,205,2020_24,ear,0,0
2020,2020-07-23,205,2020_24,leaf,318,39.75
2020,2020-07-23,205,2020_24,plant,1244,155.5
2020,2020-07-23,205,2020_24,stemtasshusk,926,115.75
2020,2020-07-23,205,2020_34,ear,0,0
2020,2020-07-23,205,2020_34,leaf,253,31.625
2020,2020-07-23,205,2020_34,plant,1055,131.875
2020,2020-07-23,205,2020_34,stemtasshusk,802,100.25
2020,2020-07-23,205,2020_39,ear,0,0
2020,2020-07-23,205,2020_39,leaf,288,36
2020,2020-07-23,205,2020_39,plant,1009,126.125
2020,2020-07-23,205,2020_39,stemtasshusk,721,90.125
2020,2020-07-23,205,2020_41,ear,0,0
2020,2020-07-23,205,2020_41,leaf,303,37.875
2020,2020-07-23,205,2020_41,plant,1166,145.75
2020,2020-07-23,205,2020_41,stemtasshusk,863,107.875
2020,2020-07-23,205,2020_44,ear,0,0
2020,2020-07-23,205,2020_44,leaf,305,38.125
2020,2020-07-23,205,2020_44,plant,1141,142.625
2020,2020-07-23,205,2020_44,stemtasshusk,836,104.5
2020,2020-09-24,268,2020_13,ear,1379,172.375
2020,2020-09-24,268,2020_13,leaf,203,25.375
2020,2020-09-24,268,2020_13,plant,2061,257.625
2020,2020-09-24,268,2020_13,stemtasshusk,479,59.875
2020,2020-09-24,268,2020_17,ear,1567.3000000000002,195.91250000000002
2020,2020-09-24,268,2020_17,leaf,238,29.75
2020,2020-09-24,268,2020_17,plant,2347.3,293.4125
2020,2020-09-24,268,2020_17,stemtasshusk,542,67.75
2020,2020-09-24,268,2020_22,ear,1711.2,213.9
2020,2020-09-24,268,2020_22,leaf,209,26.125
2020,2020-09-24,268,2020_22,plant,2537.2,317.15
2020,2020-09-24,268,2020_22,stemtasshusk,617,77.125
2020,2020-09-24,268,2020_24,ear,1543.3000000000002,192.91250000000002
2020,2020-09-24,268,2020_24,leaf,233,29.125
2020,2020-09-24,268,2020_24,plant,2347.3,293.4125
2020,2020-09-24,268,2020_24,stemtasshusk,571,71.375
2020,2020-09-24,268,2020_34,ear,1606.2,200.775
2020,2020-09-24,268,2020_34,leaf,200,25
2020,2020-09-24,268,2020_34,plant,2358.2,294.775
2020,2020-09-24,268,2020_34,stemtasshusk,552,69
2020,2020-09-24,268,2020_39,ear,1643.7,205.4625
2020,2020-09-24,268,2020_39,leaf,207,25.875
2020,2020-09-24,268,2020_39,plant,2480.7,310.0875
2020,2020-09-24,268,2020_39,stemtasshusk,630,78.75
2020,2020-09-24,268,2020_41,ear,1481.3,185.1625
2020,2020-09-24,268,2020_41,leaf,185,23.125
2020,2020-09-24,268,2020_41,plant,2134.3,266.7875
2020,2020-09-24,268,2020_41,stemtasshusk,468,58.5
2020,2020-09-24,268,2020_44,ear,1645.7,205.7125
2020,2020-09-24,268,2020_44,leaf,215,26.875
2020,2020-09-24,268,2020_44,plant,2421.7,302.7125
2020,2020-09-24,268,2020_44,stemtasshusk,561,70.125
